ASIN,商品主图,商品标题,商品详情页链接,小类目,月销量,毛利率,价格($)
B0FGCVZK4S,https://m.media-amazon.com/images/I/81xwGmID3rL._AC_US600_.jpg,ANLUKE House Slippers for Women Men with Rubber Sole Soft Lightweight Indoor/Outdoor,https://www.amazon.com/dp/B0FGCVZK4S,Women's Slippers,600,48%,12.99
B0FHP5MFFP,https://m.media-amazon.com/images/I/710FRx6wY9L._AC_US600_.jpg,Latnnut Baby Girl Clothes Newborn Infant Cotton Ruffle Romper+ Floral Pants + Headband Sets Fall Winter Outfits,https://www.amazon.com/dp/B0FHP5MFFP,Baby Girls' Pant Sets,600,49%,11.59
B0FS6YVVJ9,https://m.media-amazon.com/images/I/81eISOxPthL._AC_US600_.jpg,"West Biking Winter Gloves for Boys and Girls, 3M Thinsulate Kids Winter Ski Gloves Suitable for Outdoor Activities, Cycling, and Snowboarding",https://www.amazon.com/dp/B0FS6YVVJ9,Boys' Skiing & Snowboarding Gloves,600,32%,13.99
B0FG2MXFCY,"https://m.media-amazon.com/images/I/413bjmC2dVL._AC_SR600,600_.jpg",Jueqiba Bag Charm Cute Keychain Charms for Handbags- Charms for Purses-Keychain Charm Purse Accessory for Women's Birthday Christmas Valentine Gifts,https://www.amazon.com/dp/B0FG2MXFCY,Women's Keyrings & Keychains,599,44%,10.99
B0FMRZCZ8Y,https://m.media-amazon.com/images/I/71rFt1j12+L._AC_US600_.jpg,RSLOVE Faux Fur Wrist Cuff - Winter Furry Wrist Cuff Warmers for Women Girls Fuzzy Arm Warmers Halloween Santa Costume,https://www.amazon.com/dp/B0FMRZCZ8Y,Women's Novelty Arm Warmers,599,45%,9.99
B0FCS8MX6T,https://m.media-amazon.com/images/I/616A+yR98SL._AC_US600_.jpg,"Eyeglasses Chain Holder, Beaded Neck Cord for Reading Glasses and Sunglasses, Women and Girls",https://www.amazon.com/dp/B0FCS8MX6T,Women's Eyeglass Chains,599,39%,5.99
B0FQ587W6Q,https://m.media-amazon.com/images/I/61uHaMp7N8L._AC_US600_.jpg,5 Inches Soft Plastic Translucent Dagger Props Safe and Cut-Proof for Zoey Cosplay and Halloween Party,https://www.amazon.com/dp/B0FQ587W6Q,Costume Weapons & Armor,599,53%,11.9
B0FNCSZ3ZL,https://m.media-amazon.com/images/I/71sEvbphjWL._AC_US600_.jpg,"ULTRAIDEAS Women's Fuzzy Rhinestone Bowknot Open-Toe Slippers, Bride and Bridesmaid Slides for Wedding and Bachelorette Party",https://www.amazon.com/dp/B0FNCSZ3ZL,Women's Slippers,599,44%,15.99
B0FNWGQPMN,https://m.media-amazon.com/images/I/81VU3xSiNDL._AC_US600_.jpg,"Jikuzfu Kids Winter Ski Gloves Touchscreen and Waterproof Warm Snow Gloves for Snowboarding, Sledding for Boys Girls",https://www.amazon.com/dp/B0FNWGQPMN,Boys' Skiing & Snowboarding Gloves,599,49%,8.48
B0FRS1VWKF,https://m.media-amazon.com/images/I/717KcoavjrL._AC_US600_.jpg,Funlingo Womens Satin Tank Tops Summer Sleeveless Mock Neck Dressy Blouses Pleated Work Shirts Business Casual Outfit,https://www.amazon.com/dp/B0FRS1VWKF,Women's Tanks & Camis,599,62%,19.99
B0FQH51QWK,https://m.media-amazon.com/images/I/51EJ8ADklNL._AC_US600_.jpg,"iF YOU Gold Bangle Bracelets for Women, Dainty Knot 14K Gold Plated Multi Layer Bangle Cuffs, Personalized Boho Chunky Bracelets for Women Jewelrys Set Gifts",https://www.amazon.com/dp/B0FQH51QWK,Women's Cuff Bracelets,598,46%,9.99
B0FH69H7B5,https://m.media-amazon.com/images/I/61ub9n6rXSL._AC_US600_.jpg,Magic Kingdom Sweatshirts for Women: Long Live All The Magic We Made Tshirt Magical Castle Vacation Pullover Top,https://www.amazon.com/dp/B0FH69H7B5,Women's Tops,598,45%,19.99
B0FK9TLDX6,https://m.media-amazon.com/images/I/81gOqcabWWL._AC_US600_.jpg,Baby Girl Tights Non Slip Skid Cable Knit Leggings Stockings Cotton Thick Warm Pantyhose for Toddler 3 Pack,https://www.amazon.com/dp/B0FK9TLDX6,Baby Girls' Tights,598,55%,11.39
B0FKZ53KBV,https://m.media-amazon.com/images/I/71g7fYaGJPL._AC_US600_.jpg,LABELLA 45D Sparkly Tights for Women Metaillic Fiber Shine Glitter Semi Sheer Perfect Party Date Performance,https://www.amazon.com/dp/B0FKZ53KBV,Women's Tights,597,53%,12.99
B0F1YDNVD7,https://m.media-amazon.com/images/I/91IJcWWyuAL._AC_US600_.jpg,MOGGEI Kids Girls Toddlers Fuzzy Slipper Grips Socks Non Slip Warm Winter Fluffy Cozy Thick Fun Crew Gripper Socks 6 Pairs,https://www.amazon.com/dp/B0F1YDNVD7,Girls' Slipper Socks,597,51%,16.99
B0FX9PRBLR,https://m.media-amazon.com/images/I/91D2r3MN8EL._AC_US600_.jpg,Lapulas Merino Wool Ankle Hiking Running Socks for Men Women Breathable Compression Thick Athletic No Show Socks 6 Pairs,https://www.amazon.com/dp/B0FX9PRBLR,Men's Activewear Ankle Socks,596,53%,18.98
B0FF9CCX8H,https://m.media-amazon.com/images/I/71Vnq96rMZL._AC_US600_.jpg,GRNSHTS Baby Girl 1st Birthday Outfits One Year Old Printed Romper Embroidery Bodysuit Cake Smash Clothes,https://www.amazon.com/dp/B0FF9CCX8H,Baby Girls' One-Piece Rompers,596,54%,19.98
B0FNWVRK4D,https://m.media-amazon.com/images/I/61-Ipm4lBgL._AC_US600_.jpg,ZooYung Boys Fleece Lined Warm Joggers Pants Waisted Thermal Winter Sweatpants Running Hiking with Zipper Pockets,https://www.amazon.com/dp/B0FNWVRK4D,Boys' Athletic Pants,596,49%,19.99
B0FN4M1P96,https://m.media-amazon.com/images/I/717lJ1-e6iL._AC_US600_.jpg,"bussdis 2 Tier Bracelet Holder Display - Detachable T Bar Beige Velvet Bracelet Holder, Jewelry Holder Organizer for Bracelet, Necklace, Earrings, Rings",https://www.amazon.com/dp/B0FN4M1P96,Jewelry Towers,595,41%,12.99
B0FFGN6C4L,https://m.media-amazon.com/images/I/617QifFTrAL._AC_US600_.jpg,Ayzozuy Girls Clothes Sweatshirt Casual Outfit for Girl Leggings 2 Piece Fall Pants Set,https://www.amazon.com/dp/B0FFGN6C4L,Girls' Pant Sets,595,54%,19.97
B0FYLR7XJ5,https://m.media-amazon.com/images/I/61KFIvJUFdL._AC_US600_.jpg,"Moozava Womens 3""/5""/8"" Workout Biker Shorts with Pocket-High Waisted Tummy Control Spandex Booty Shorts for Yoga Running Gym",https://www.amazon.com/dp/B0FYLR7XJ5,Women's Athletic Shorts,595,56%,14.99
B0FR999WB1,https://m.media-amazon.com/images/I/415RZWtRq2L._AC_US600_.jpg,"XTACER Long Cuff Gloves Kid's Winter Warm Cold Weather Gloves for Skiing Snow Snowboardfor Girls Boys Children (Light Pink-Long Cuff, 10-12 Years)",https://www.amazon.com/dp/B0FR999WB1,Boys' Cold Weather Gloves,594,28%,8.99
B0FMFX667R,https://m.media-amazon.com/images/I/71R1tELUv9L._AC_US600_.jpg,Jelbolin Balaclava Ski Mask Winter: Windproof Face Cover for Men Women Skiing Snowboarding Fleece Warm Protection,https://www.amazon.com/dp/B0FMFX667R,Men's Balaclavas,594,38%,9.99
B0FN729JNM,https://m.media-amazon.com/images/I/71b+v74nDkL._AC_US600_.jpg,fjberrtsat 6 Pairs Kids Grip Soccer Socks Cushioned Non Slip Grippy Football Athletic Sports Socks for Boys Girls 4/6,https://www.amazon.com/dp/B0FN729JNM,Boys' Soccer Socks,594,38%,14.99
B0FJDDJHWY,https://m.media-amazon.com/images/I/71athRnZaxL._AC_US600_.jpg,Longita 20g Nose Rings Hoop L Shape Nose Studs Stainless Steel Nose Screw Bone Flat Top Diamond Opal Heart High Nostril Piercing Jewelry Silver Rose Gold Black Pack for Women Men,https://www.amazon.com/dp/B0FJDDJHWY,Women's Faux Body Piercing Jewelry,594,55%,9.99
B0FS26JLN5,https://m.media-amazon.com/images/I/61Ub6vFITDL._AC_US600_.jpg,Vlozhvo Comfortable Wireless Bras for Women Seamless Padded Push Up No Show Bra with Support,https://www.amazon.com/dp/B0FS26JLN5,Everyday Bras,594,48%,14.99
B0FDR97N8G,https://m.media-amazon.com/images/I/812pUHKAxVL._AC_US600_.jpg,"2Pack Luggage Tags for Suitcases, Cute Unique Pu Leather Cruise Luggage Tag with Privacy Cover ID Label Address Card and Metal Ring Suitable for Women Men Kids Travel Bag Colorful Flowers 1",https://www.amazon.com/dp/B0FDR97N8G,Luggage Tags,594,52%,8.99
B0FMW69YJK,https://m.media-amazon.com/images/I/21pd97B5KVL._AC_US600_.jpg,GWH Christmas Gifts Earrings for Women - 18K Gold/Silver Plated Moon Star Hoop Stackable Cubic Zirconia Chain Dangle Earring Set Stacks for Multiple Piercings Jewelry for Sensitive Ears Non Tarnish,https://www.amazon.com/dp/B0FMW69YJK,Women's Drop & Dangle Earrings,593,50%,10.99
B0FJ5N79NG,https://m.media-amazon.com/images/I/71JzZVcZbDL._AC_US600_.jpg,"Atapeas Bluetooth Beanie Hat with Light, Rechargeable Wireless Beanie Cap Headlamp hat Music hat, Gifts for Men & Women",https://www.amazon.com/dp/B0FJ5N79NG,Women's Skullies & Beanies,593,42%,12.99
B0FV12LCHD,https://m.media-amazon.com/images/I/71KATmO1+zL._AC_US600_.jpg,"Sukyerios Black Cat Flower Floral Keychain Coin Purse for Women, Small PU Leather Change Pouch, Zipper Little Tiny Travel Wallet for Girls, Cute Kawaii Zip Pocket Coin Holder with Key Ring",https://www.amazon.com/dp/B0FV12LCHD,Women's Coin Purses & Pouches,593,52%,8.99
B0FVLNXXRR,https://m.media-amazon.com/images/I/61zjPn1E1FL._AC_US600_.jpg,"Aimétte Monette Hypoallergenic Gold Earrings, Flower Clover Earrings, White/Red/Black Gold Hoop Stud Earrings for Women Trendy, Clover Jewelry Gifts for Women",https://www.amazon.com/dp/B0FVLNXXRR,Women's Stud Earrings,593,55%,9.99
B0FFMRRSL6,https://m.media-amazon.com/images/I/81Gjkb66c6L._AC_US600_.jpg,Womens Fur Lined Suede Clogs Mens Fuzzy Leather Mules Cork Footbed Slip On Winter Potato Shoes with Arch Support,https://www.amazon.com/dp/B0FFMRRSL6,Women's Mules & Clogs,593,50%,19.99
B0FJRS7LGV,https://m.media-amazon.com/images/I/61OHoVlZbUL._AC_US600_.jpg,Women's Slippers Soft Plush Winter Warm House Shoes Slip on Fluffy Fur Slippers,https://www.amazon.com/dp/B0FJRS7LGV,Women's Slippers,593,11%,9.99
B0FSDS4YF7,https://m.media-amazon.com/images/I/81aX0hWAdAL._AC_US600_.jpg,20G 18G 16G Threadless Flat Back Earrings Stud -Hypoallergenic Surgical Steel Push in Nose Studs Cartilage Hoop Earring Set 14K Gold Plated Tragus Helix Conch Lip Labret Medusa Piercing Jewelry,https://www.amazon.com/dp/B0FSDS4YF7,Women's Body Piercing Studs,592,47%,13.99
B0FH49FTTN,https://m.media-amazon.com/images/I/51fcoKUygJL._AC_US600_.jpg,"Gold Necklace for Women, Cross Necklace Dainty 18K Real Gold Silver Plated, Cross Necklace for Women, Cute Simple Small Trendy Choker Pendant Jewelry Non Tarnish Gold Necklace Faith Jewelry Gift",https://www.amazon.com/dp/B0FH49FTTN,Women's Pendant Necklaces,592,9%,3.49
B0FMY48SS8,https://m.media-amazon.com/images/I/517IHn8tF4L._AC_US600_.jpg,"SELFROSE Stack Earrings For Women,Dainty 14K Gold Plated Pearl Hoop Huggie Earring Set Cute Chain Cartilage Earring Stack Trendy Hypoallergenic Long Drop Stud Earrings Jewelry",https://www.amazon.com/dp/B0FMY48SS8,Women's Jewelry Sets,592,56%,13.99
B0FH7H2D6M,https://m.media-amazon.com/images/I/71Md3OBFLEL._AC_US600_.jpg,Watch for Men Women Big Face Classic Analog Quartz Sports Backlight Unisex Waterproof Nurse Watch for Medical Army Military Time with Second Hand Easy to Read Casual Wristwatch,https://www.amazon.com/dp/B0FH7H2D6M,Women's Wrist Watches,592,51%,11.39
B0FHB9GZR1,https://m.media-amazon.com/images/I/714II2JH3QL._AC_US600_.jpg,Comfoex 12 Pairs Girls Socks Ankle Athletic low cut Socks With Cushioned Sole For Little Big Kids 4-6 6-8 8-10 Years Old,https://www.amazon.com/dp/B0FHB9GZR1,Girls' Activewear Ankle Socks,591,34%,11.88
B0FJ24CQ9W,https://m.media-amazon.com/images/I/71ACgGvFWVL._AC_US600_.jpg,"ANSUKOO Women's Seamless Bikini Underwear 6Pack,No Show Ladies Hipster Panty, No Line Silky Undies,Invisible Multipack Briefs",https://www.amazon.com/dp/B0FJ24CQ9W,Women's Bikini Panties,591,56%,14.99
B0FRSBH8X4,https://m.media-amazon.com/images/I/81KTioLkNgL._AC_US600_.jpg,Christmas Shirts for Women Merry Funny Leopard Christmas Tree Tee Tops Holiday Tshirts,https://www.amazon.com/dp/B0FRSBH8X4,Women's T-Shirts,591,44%,14.99
B0FDBLMXB8,https://m.media-amazon.com/images/I/817cpQm+NPL._AC_US600_.jpg,"30/50/100 PCS Random Shoe Charms Pack for Croc Clog, No-Repeat Different Shoes Decoration Accessories for Kids Teen",https://www.amazon.com/dp/B0FDBLMXB8,Shoe Decoration Charms,590,35%,6.99
B0FKBH9CFT,https://m.media-amazon.com/images/I/71zJ7F+HMIL._AC_US600_.jpg,Anboter 3Pairs No Show Socks Womens Ankle Socks for Women (size6-9(black white pink)),https://www.amazon.com/dp/B0FKBH9CFT,Women's No-Show Socks,590,11%,3.98
B0FN7BQJJR,https://m.media-amazon.com/images/I/91tJ0GKpRuL._AC_US600_.jpg,"RBONIGHT Thicker Ultra Luxe Warm Cozy Valentines Gifts for Women Girls, Soft Fluffy Heart Fuzzy Socks for Basket Stuffers, Size 6-12",https://www.amazon.com/dp/B0FN7BQJJR,Women's Slipper Socks,590,48%,9.99
B0FM8GB95V,https://m.media-amazon.com/images/I/51Cju6ziZ+L._AC_US600_.jpg,TOPYOGAS Women's Bootcut Yoga Pants High Waist Tummy Control Flare Leggings Workout Bottoms with Pockets,https://www.amazon.com/dp/B0FM8GB95V,Women's Yoga Pants,590,49%,12.74
B0FDQHBFQR,https://m.media-amazon.com/images/I/71NCwCAl5mL._AC_US600_.jpg,Play Tailor Girls Pajamas for Toddler Ruffled Kids Pajamas Set Short Sleeves Summer Pjs Sleepwear for Girl,https://www.amazon.com/dp/B0FDQHBFQR,Girls' Pajama Sets,590,52%,9.99
B0FQ1BWCNS,https://m.media-amazon.com/images/I/71WWcA839QL._AC_US600_.jpg,Satin Lined Knit Beanie Hat-100% Cotton Winter Hats for Women Men Silk Lining Soft Slouchy Warm Cuffed Beanies Hat,https://www.amazon.com/dp/B0FQ1BWCNS,Women's Skullies & Beanies,590,55%,13.99
B0FSBVWQCK,https://m.media-amazon.com/images/I/71ZN5jWfjnL._AC_US600_.jpg,"Winter Thermal Balaclava, Polar Fleece Hood Ski Mask for Women Men, Windproof Face Mask Cover Hat Neck Warmer Scarf",https://www.amazon.com/dp/B0FSBVWQCK,Women's Balaclavas,590,51%,9.99
B0G1N1L4W6,https://m.media-amazon.com/images/I/71f5DCqd76L._AC_US600_.jpg,"Hypoallergenic Titanium Hoop Earrings for Women&Men-8mm 10mm 12mm Small Silver Gold Huggie Hoops,Cartilage&Helix Sleeper Earrings for Sensitive Skin",https://www.amazon.com/dp/B0G1N1L4W6,Women's Earrings,589,54%,12.99
B0F8VR5NKN,https://m.media-amazon.com/images/I/61JEzG6cn3L._AC_US600_.jpg,SAMPEEL 2 Piece Outfits for Women Lounge Sets Matching Sets Fall Fashion Clothing Travel Airport Vacation Clothes Pant Sets,https://www.amazon.com/dp/B0F8VR5NKN,Women's Tracksuits,589,45%,19.99
B0FWR9F7C1,https://m.media-amazon.com/images/I/71UQgf7-98L._AC_US600_.jpg,SDEOER Women's Cotton Underwear Lace Stretchy High Waisted Ladies Panties Breathable Briefs 5 Pack,https://www.amazon.com/dp/B0FWR9F7C1,Women's Briefs,588,50%,12.99
B0FMN692X7,https://m.media-amazon.com/images/I/71qhYx77bcL._AC_US600_.jpg,Kids Winter Fleece Hats Children's Balaclava Ski Mask Windproof Warm Adjustable with Fleece Lining Hat for Boys Girls,https://www.amazon.com/dp/B0FMN692X7,Boys' Cold Weather Hats & Caps,588,38%,14.98
B0FD98T8P9,https://m.media-amazon.com/images/I/61mnGPAlRSL._AC_US600_.jpg,Puistr Boys Tie Pre-tied Adjustable Kids Solid Color Necktie for Age 8-12 Years Wedding School Graduation with Gift Box,https://www.amazon.com/dp/B0FD98T8P9,Boys' Neckties,588,54%,9.99
B0FJXD45V1,https://m.media-amazon.com/images/I/61V-JLe4YUL._AC_US600_.jpg,CSIYANJRY99 Gold Rings for Women Non Tarnish Adjustable Thumb Ring for Women Finger Ring Chunky Gold Silver Rings Anillos Para Mujer Stainless Steel New Year Anniversary Birthday Jewelry,https://www.amazon.com/dp/B0FJXD45V1,Women's Statement Rings,588,49%,7.99
B0FY1Q3DJP,https://m.media-amazon.com/images/I/81xDb-iuxpL._AC_US600_.jpg,THEMEROL Cute Christmas Gifts for Kids/Teen Girls/Women-Love/Protection-Handmade Natural Crystal Bracelets with Xmas-Themed Card,https://www.amazon.com/dp/B0FY1Q3DJP,Women's Stretch Bracelets,587,55%,9.99
B0FRSG1K5G,https://m.media-amazon.com/images/I/81T-3tATroL._AC_US600_.jpg,Tikeiuo Women Winter Cute Boot Socks Thick Warm Cozy Cushioned Ankle Crew Socks Casual Calf Socks for Winter 3-5 Pairs,https://www.amazon.com/dp/B0FRSG1K5G,Women's Calf Socks,587,44%,8.99
B0FT2J5LVV,https://m.media-amazon.com/images/I/51aWHZxh4YL._AC_US600_.jpg,"GIFTPIXIE Ultimate Rip Resistant Tights for Women, 40D Semi Sheer High Waist Control Top Indestructible T-Crotch Stockings",https://www.amazon.com/dp/B0FT2J5LVV,Women's Tights,587,55%,14.59
B0FF4DNLPG,https://m.media-amazon.com/images/I/21nV2O8GSGL._AC_US600_.jpg,E E EMPTY ENTIRE Women's Fuzzy House Slippers with Memory Foam Warm Plush Slipper for Indoor,https://www.amazon.com/dp/B0FF4DNLPG,Women's Slippers,586,31%,12.99
B0FJ1H785Q,https://m.media-amazon.com/images/I/61OORXHUhBL._AC_US600_.jpg,Christmas Couples His and Her Shirt: Family Matching Xmas Outfits Sets - Funny Holiday Graphic Pajamas Tees Top,https://www.amazon.com/dp/B0FJ1H785Q,Women's T-Shirts,586,50%,9.49
B0FG2QK1R7,https://m.media-amazon.com/images/I/71bYlLnDJhL._AC_US600_.jpg,"MHWTTY Hypoallergenic Cartilage Earrings for Women Men, 1 Pairs Titanium Stud for Women Gold Silver Black 20G Post & Screw Back with Cubic Zirconia 3 4 5 6 7 mm Piercing Jewelry",https://www.amazon.com/dp/B0FG2QK1R7,Men's Earrings,586,53%,8.99
B0FD9P8GPN,https://m.media-amazon.com/images/I/61365rqGwCL._AC_US600_.jpg,FIBURE Women's Cozy Memory Foam Slippers Fuzzy Faux Fur Slippers Warm House Shoes For Indoor & Outdoor Comfort,https://www.amazon.com/dp/B0FD9P8GPN,Women's Slippers,585,23%,9.99
B0FRXTQT31,https://m.media-amazon.com/images/I/810H8aNfVgL._AC_US600_.jpg,YZKKE Women Winter Solid Socks Thick Warm Wool Socks Cozy Crew Socks for Womens Christmas Gift,https://www.amazon.com/dp/B0FRXTQT31,Women's Calf Socks,585,16%,7.99
B0FNK1ZCKS,https://m.media-amazon.com/images/I/61dvDzW-JzL._AC_US600_.jpg,LOUMILEO Sterling Silver Cross Hoop Earrings for Women Hypoallergenic 14K Gold Plated Rhinestone Hoop Earrings for Momen Lightweight Silver Cross Earrings with Cubic Zirconia Jewelry Gifts 20/30/40MM,https://www.amazon.com/dp/B0FNK1ZCKS,Women's Hoop Earrings,585,56%,9.99
B0FF551G73,https://m.media-amazon.com/images/I/61zwCBvi7OL._AC_US600_.jpg,"Ahardaim 12 Pcs Handkerchiefs for Men, 100% Soft Cotton White Men's Handkerchiefs, Large Classic Hankies for Men",https://www.amazon.com/dp/B0FF551G73,Men's Handkerchiefs,585,33%,5.99
B0FP2XS9ZS,https://m.media-amazon.com/images/I/81fdxPCPM8L._AC_US600_.jpg,Jecson Toddler Girl Fall Clothes: Soft Outfits Set Embroidered Knit Top & Sweatpants 2Pcs Cute Home Outdoor 2-8Y,https://www.amazon.com/dp/B0FP2XS9ZS,Baby Girls' Pant Sets,585,46%,14.99
B0G2LT825T,https://m.media-amazon.com/images/I/51pkfgdm2PL._AC_US600_.jpg,Punhem Chunky Gold Statement Rings for Women 14K Gold Silver Tone Non Tarnish Cute Puffy Dome Croissant Thumb Band High Polished Smooth Comfort Fit Size 5-10,https://www.amazon.com/dp/B0G2LT825T,Women's Statement Rings,585,55%,9.99
B0FDW1VDLG,https://m.media-amazon.com/images/I/91824jCfkJL._AC_US600_.jpg,Arach&Cloz Women's Wool Blend Bolero Shrug Spring Fashion Cropped Cardigans 2026,https://www.amazon.com/dp/B0FDW1VDLG,Women's Shrug Sweaters,585,48%,19.99
B0FD3DR725,https://m.media-amazon.com/images/I/71bug-6f+NL._AC_US600_.jpg,BAVEDER Girls Clothes 2 Piece Clothes for Girls Outfits Kids Tween Trendy Solid Fake-Two Sweatshirt Pullover Leggings Sets,https://www.amazon.com/dp/B0FD3DR725,Girls' Pant Sets,584,41%,12.98
B0FH54H7P9,https://m.media-amazon.com/images/I/71VOVqBDq7L._AC_US600_.jpg,Womens Period Underwear Heavy Flow High Absorbency Panties High Waisted Menstrual Leakproof Postpartum Briefs,https://www.amazon.com/dp/B0FH54H7P9,Women's Briefs,584,46%,14.99
B0FJ6V9BW6,https://m.media-amazon.com/images/I/71pIZSYpNyL._AC_US600_.jpg,"afunnykaggles Gifts For Golfer,Golf Socks and Golf Gifts Card for Men,Birthday Valentines Day For Golfer",https://www.amazon.com/dp/B0FJ6V9BW6,Men's Novelty Socks,584,25%,4.99
B0FZCNTYP9,https://m.media-amazon.com/images/I/71wh413Mg7L._AC_US600_.jpg,"OUFER Horseshoe Nose Rings Studs, 316L Surgical Steel Double Shiny Clear CZ Nose Rings For Women, 20G 7MM Internally Threaded Cartilage Earrings, Lip Eyebrow Helix Ear Piercing Jewelry",https://www.amazon.com/dp/B0FZCNTYP9,Women's Body Piercing Studs,583,55%,9.99
B0FB8XS2VS,https://m.media-amazon.com/images/I/91HDPvpXXSL._AC_US600_.jpg,ICEIVY Womens Fuzzy Socks Thick Soft Warm Winter Fluffy Cozy Cabin 5 Packs Casual Home Sleep Socks with Gifts Box,https://www.amazon.com/dp/B0FB8XS2VS,Women's Calf Socks,583,53%,18.99
B0FGY5BZLV,https://m.media-amazon.com/images/I/715N0jIzHeL._AC_US600_.jpg,"PATPAT Organic Cotton Baby Footie Pajamas with Two-Way Zipper & Fold-Over Mittens, Soft Stretchy Romper for Newborn Boy Girl",https://www.amazon.com/dp/B0FGY5BZLV,Baby Girls' One-Piece Footies,582,55%,19.99
B0FHVJZCX6,https://m.media-amazon.com/images/I/510Hdnx59EL._AC_US600_.jpg,14K Gold Filled Nose Rings Studs for Women Men - 18G 16G Hypoallergenic Surgical Steel Nose Rings Hoops Opal CZ Internal Thread Flat Back Studs for Women Lip Nostril piercing jewelry,https://www.amazon.com/dp/B0FHVJZCX6,Women's Body Piercing Studs,581,55%,9.99
B0FQV521SM,https://m.media-amazon.com/images/I/71bl7z7-BkL._AC_US600_.jpg,"Wmcaps Fleece Lined Beanie with Earflap, Warm Thermal Knit Winter Hats for Men Women，Outdoor Stocking Cap",https://www.amazon.com/dp/B0FQV521SM,Women's Skullies & Beanies,581,41%,12.99
B0FH65P6PX,https://m.media-amazon.com/images/I/61WDT1id3CL._AC_US600_.jpg,"DORALLURE Plus Size Fleece Lined Tights Women, Opaque Winter Warm thermal Leggings Pantyhose",https://www.amazon.com/dp/B0FH65P6PX,Women's Tights,581,48%,9.99
B0FD3LGLV1,https://m.media-amazon.com/images/I/51h03PahNFL._AC_US600_.jpg,YSYOKOW Women's Flowy Maxi Skirts Elastic High Waisted Casual A-Line Long Skirt with Pockets 2025 Trendy,https://www.amazon.com/dp/B0FD3LGLV1,Women's Novelty Skirts,581,46%,14.99
B0FGTTY8NK,https://m.media-amazon.com/images/I/71RTK7VVlNL._AC_US600_.jpg,Baby Beanie Warm Winter Hat with Bear Ear for Infant Toddler Boys Girls Kids Soft Knitted Skull Cap,https://www.amazon.com/dp/B0FGTTY8NK,Baby Boys' Hats & Caps,580,41%,18.03
B0FJD91M2W,https://m.media-amazon.com/images/I/71cMlzSx6SL._AC_US600_.jpg,PJGGZ Plaid Pajama Pants Women - Fluffy Warm Fleece Pj Bottoms Soft Sleep Lounge Pants with Pockets,https://www.amazon.com/dp/B0FJD91M2W,Women's Pajama Bottoms,580,36%,9.99
B0FMK775SK,https://m.media-amazon.com/images/I/71bNDyx0tNL._AC_US600_.jpg,"Bluetooth Beanie with Light, Built-in Stereo Speaker Mic and Wide Beam Light, Rechargeable Headlamp hat Music hat, Unique Tech Gifts for Men Him Husband Teen Black",https://www.amazon.com/dp/B0FMK775SK,Women's Hats & Caps,580,42%,9.99
B0FMJZ31VL,https://m.media-amazon.com/images/I/71DWsW-aJLL._AC_US600_.jpg,Womens Beanie Hat Infinity Scarf Touchscreen Gloves Fleece Headband 4 in 1 Winter Clothes Set Gifts for Women,https://www.amazon.com/dp/B0FMJZ31VL,Women's Skullies & Beanies,580,38%,14.99
B0FQ5QS8FB,https://m.media-amazon.com/images/I/81OTWyIgTvL._AC_US600_.jpg,IRAMY Ankle Compression Socks for Men Athletic Running Socks with Cushioned Support 3/5 Pairs,https://www.amazon.com/dp/B0FQ5QS8FB,Men's Activewear Ankle Socks,580,35%,14.99
B0FMRPNY8C,https://m.media-amazon.com/images/I/71+L-665eeL._AC_US600_.jpg,ERMO NKES Pilates Crew Socks for Women Ruffle Grip Yoga Barre Cute Non Slip Sticky Workout Dance Sock,https://www.amazon.com/dp/B0FMRPNY8C,Women's Yoga Socks,580,53%,9.99
B0FGD4XK3K,https://m.media-amazon.com/images/I/61QAmAEVIWL._AC_US600_.jpg,"Navirix Vintage Gold Virgin Mary Cross Rings Set for Women,10Pcs Chunky Stackable Cross Knuckle Rings Set Retro Jewlery Accessories",https://www.amazon.com/dp/B0FGD4XK3K,Women's Statement Rings,579,55%,9.99
B0FV2TPF7R,https://m.media-amazon.com/images/I/81ATVWh3zKL._AC_US600_.jpg,14 Pairs Hypoallergenic Earrings for Women Girls Surgical Steel Screw Back Earring for Sensitive Ears Cute Flower Butterfly Heart CZ Flat Back Earrings Girls Jewelry Gift age：over 48 months old,https://www.amazon.com/dp/B0FV2TPF7R,Women's Stud Earrings,579,58%,14.99
B0FKB45V96,https://m.media-amazon.com/images/I/81oaWPKwAdL._AC_US600_.jpg,COOPLUS Mens Cotton Cushioned Crew Socks Athletic Running Moisture Wicking Performance Work Boot Socks for Men 6 Pairs,https://www.amazon.com/dp/B0FKB45V96,Men's Activewear Crew Socks,579,48%,18.99
B0FPGFBVBP,https://m.media-amazon.com/images/I/81UKQsliCIL._AC_US600_.jpg,"UpResty House Slippers for Women Indoor, US Original Design Memory Foam Womens Slippers with Arch Support, Washable Open Toe Ladies Woman Slipper for Bedroom Hospital Delivery House Shoes",https://www.amazon.com/dp/B0FPGFBVBP,Women's Slippers,579,31%,9.99
B0FG7DTY7N,https://m.media-amazon.com/images/I/817K2Zr2YzL._AC_US600_.jpg,"XFUEL Kids Neck Warmer, Knitted Winter Neck Gaiter, Fleece Lined Infinity Scarf for Boys Girls, Ski Mask for Cold Weather",https://www.amazon.com/dp/B0FG7DTY7N,Girls' Cold Weather Neck Gaiters,579,53%,9.99
B0FK4HGJKT,https://m.media-amazon.com/images/I/61KakpDNLSL._AC_US600_.jpg,IPMQ Womens Sweatpants Cotton Lounge Pants Wide Leg Drawstring Joggers Fall Athletic Outfits with Pockets 2025,https://www.amazon.com/dp/B0FK4HGJKT,Women's Sweatpants,579,43%,17.99
B0FHPZMH3Z,https://m.media-amazon.com/images/I/71REjkQKPsL._AC_US600_.jpg,OVESPORT Seamless Workout Shorts for Women Scrunch Butt Lifting Gym Booty Biker Short Pants,https://www.amazon.com/dp/B0FHPZMH3Z,Women's Athletic Shorts,579,44%,7.99
B0FJ4Z4X83,https://m.media-amazon.com/images/I/61nqWTNSFdL._AC_US600_.jpg,"Avazera Superhero mask for Kids，Super hero Costumes Children's Birthday Parties,Boy Toys Gifts for Halloween Cosplay Parties",https://www.amazon.com/dp/B0FJ4Z4X83,Boys' Costume Masks,578,17%,9.99
B0FMF8F75X,https://m.media-amazon.com/images/I/71WA0JXStBL._AC_US600_.jpg,SEMARO Womens Wide Leg Corduroy Pants Casual Elastic High Waist Loose Fit Lounge Comfy Fall Trousers with Pockets 2025,https://www.amazon.com/dp/B0FMF8F75X,Women's Casual Pants & Capris,578,54%,16.19
B0FRGP8JGH,"https://m.media-amazon.com/images/I/41pHYLbozuL._AC_SR600,600_.jpg","QHSOZ Bag Chain Charm for Handbag, Purse Wallet &Pants Chain Jean Chains, Vintage Bag Strap Chains Extender",https://www.amazon.com/dp/B0FRGP8JGH,Women's Keyrings & Keychains,577,55%,9.99
B0FPBDQD7W,https://m.media-amazon.com/images/I/61C3eW9lAJL._AC_US600_.jpg,Elsofer Women's Pajama Lounge Pants Floral Print Comfy Casual Stretch Palazzo Drawstring Pj Bottoms Wide Leg Pants,https://www.amazon.com/dp/B0FPBDQD7W,Women's Pajama Bottoms,577,54%,14.99
B0FV2JN788,https://m.media-amazon.com/images/I/716fZ0yn+7L._AC_US600_.jpg,YEAXLUD Family Funny Christmas Pajamas Matching Lounge Pjs for Women Couples Mens Adult Ladies Xmas Sleepwear Sets,https://www.amazon.com/dp/B0FV2JN788,Women's Pajama Sets,577,38%,14.99
B0FHKLWT82,https://m.media-amazon.com/images/I/711tWdqQR+L._AC_US600_.jpg,Padded Bralette Sports Bras for Women Pack No Underwire Adjustable Straps Low Back Bra Sleep Bras Lounge Bras for Women,https://www.amazon.com/dp/B0FHKLWT82,Everyday Bras,577,46%,19.99
B0FRLWRBRQ,https://m.media-amazon.com/images/I/61M+Wcd1biL._AC_US600_.jpg,"3 Pcs Brass Key Ring with Screw Lock - Durable Gold Carabiner Keychain Clip for Keys, Bags, Handbags, Men & Women, Premium Gold Key Ring, Carabiner Locking Purse and Bag Charms Accessory",https://www.amazon.com/dp/B0FRLWRBRQ,Men's Keyrings & Keychains,577,27%,4.68
B0FJFDH9SC,https://m.media-amazon.com/images/I/71LX5yi4p7L._AC_US600_.jpg,BFUSTYLE Baby Coat 6M-5T Winter Clothes Toddler Boy Girl Jacket Infant Fleece Outerwear with Hooded,https://www.amazon.com/dp/B0FJFDH9SC,Baby Boys' Outerwear Jackets,576,49%,19.99
B0FQHTC2WL,https://m.media-amazon.com/images/I/81lgfaSMQSL._AC_US600_.jpg,"Juedverty Non Slip Socks for Women Gifts,Winter Warm Fuzzy Slippers With Grips Cozy Fluffy Hospital Sleep Sock",https://www.amazon.com/dp/B0FQHTC2WL,Women's Slipper Socks,575,38%,12.99
B0FTP22MBZ,https://m.media-amazon.com/images/I/610SyxxKHRL._AC_US600_.jpg,Comper 2 Piece Workout Sets for Women Halter Strappy Sports Bra with Seamless Ribbed Gym Yoga shorts Outfits,https://www.amazon.com/dp/B0FTP22MBZ,Women's Workout Top & Bottom Sets,575,49%,19.99
B0FHBJCVRH,https://m.media-amazon.com/images/I/51zaAgNaRLL._AC_US600_.jpg,Women Sheer Poncho Top Knit Crochet Lightweight See Through Shawl Summer Shrug Beach Cover Up,https://www.amazon.com/dp/B0FHBJCVRH,Women's Swimwear Cover Ups,575,59%,16.99
B0FF4X19DS,https://m.media-amazon.com/images/I/61ssnqaX4TL._AC_US600_.jpg,Initial Keychain Bag Charm Women Purse Charms for Handbags Accessories Charm for Wallet Butterfly Pendant for Girls,https://www.amazon.com/dp/B0FF4X19DS,Women's Keyrings & Keychains,575,45%,6.99
B0FLCPZ8VV,https://m.media-amazon.com/images/I/71rBE5g1sNL._AC_US600_.jpg,AG AGUU Birthday Boy Sweatshirts 1-8 Years Old Birthday Shirts Kids Pullover Toddler Baby Boy B-day Party Outfits Fall Tops,https://www.amazon.com/dp/B0FLCPZ8VV,Baby Boys' Hoodies & Activewear,574,47%,18.99
B0FH26XZZ1,https://m.media-amazon.com/images/I/61JuD14g6eL._AC_US600_.jpg,"Girl Leggings with Great Softness and Breathability, Black, 4T",https://www.amazon.com/dp/B0FH26XZZ1,Girls' Leggings,574,47%,10.99
B0FWRQ2KTR,https://m.media-amazon.com/images/I/71lvaJZomxL._AC_US600_.jpg,Herseas Women Sheer Sarong High Slit One Size Swimsuit Coverups 2026 Summer Floral Print Chiffon Wraps Beach Cover Up,https://www.amazon.com/dp/B0FWRQ2KTR,Women's Swimwear Cover Ups,573,53%,13.49
B0FBWWZNWJ,https://m.media-amazon.com/images/I/71GmUU4hw6L._AC_US600_.jpg,Toddler Girl Clothes Camo 2 Piece Little Girls Clothes Half Zip Up Hoodies Color Block Outfits Sweatshirt Pant Sets,https://www.amazon.com/dp/B0FBWWZNWJ,Girls' Pant Sets,573,49%,19.98
B0FHPZJ39X,https://m.media-amazon.com/images/I/81DPHoj9qrL._AC_US600_.jpg,FURTALK Scarf for Women Men Soft Warm Blanket Scarf Pashmina Shawl Winter Thick Womens Scarves,https://www.amazon.com/dp/B0FHPZJ39X,Women's Cold Weather Scarves & Wraps,573,43%,17.99
B0FR4V5TNH,https://m.media-amazon.com/images/I/915FeMiy7QL._AC_US600_.jpg,Litfun Women's Fuzzy House Slippers with Moderate Arch Support Open Toe Cozy Bedroom Shoes Indoor Outdoor,https://www.amazon.com/dp/B0FR4V5TNH,Women's Slippers,573,50%,17.99
B0FPX75KXP,https://m.media-amazon.com/images/I/71yGE3i-GqL._AC_US600_.jpg,"e-jades Winter Face Mask for Women Men -1/2/4pcs Warm Fleece Half Face Mask Balaclava for Cold Weather, Windproof Nose Warmer for Skiing, Running&Cycling, Cubre Bocas para El Frio Breathable Washable",https://www.amazon.com/dp/B0FPX75KXP,Women's Balaclavas,573,31%,7.99
B0FGQLFLYH,https://m.media-amazon.com/images/I/615-s5KaNGL._AC_US600_.jpg,XiaoLongRen Baby Boys Girls Hiking Pants Lightweight Athletic Jogger Toddler Quick Dry Track Sweatpants,https://www.amazon.com/dp/B0FGQLFLYH,Boys' Sweatpants,573,53%,9.99
B0FQ53YG93,https://m.media-amazon.com/images/I/5120MkbxccL._AC_US600_.jpg,"UBGFSXQ 24pcs Keychain Brainrot Action Figure, 2.5 inch Brainrot Figures Unique Key Chain for Valentines Day, Decorations Gifts for Basket Stuffers Fans Office Room",https://www.amazon.com/dp/B0FQ53YG93,Girls' Novelty Keychains,573,43%,9.99
B0FS6FKFN3,https://m.media-amazon.com/images/I/71QuKt6OR2L._AC_US600_.jpg,"Korwuira Single Travel Watch Case, Premium Watch Storage Box for Wristwatch & Smartwatch up to 50mm, Portable Crushproof Watch Protection Travel Cases for Men & Women, Travel, Gym, Outdoor Adventures",https://www.amazon.com/dp/B0FS6FKFN3,Watch Cabinets & Cases,573,30%,6.26
B0FDGDVVFQ,https://m.media-amazon.com/images/I/91FK5gG6DFL._AC_US600_.jpg,ICEIVY Socks for Men 5-6 Pairs Winter Warm Wool Crew Ankle Soft Thick Heated Thermal Socks Gifts For Men,https://www.amazon.com/dp/B0FDGDVVFQ,Men's Crew Socks,572,53%,19.99
B0G1YFL38Z,https://m.media-amazon.com/images/I/71PNsqF0VRL._AC_US600_.jpg,"Bxoryn 67 Socks,Six Seven Ice Cream Drip,Funny 67 Valentines Day Gifts for Kids Teens Girls Boyfriends Girlfriends",https://www.amazon.com/dp/B0G1YFL38Z,Women's Novelty Socks,572,42%,9.99
B0F9PQ4P6S,https://m.media-amazon.com/images/I/51xPuDH3LDL._AC_US600_.jpg,Girl's Leggings Flare Pants High Waisted Yoga Bootcut Pants Toddler Kids Youth Full Length Bell Bottoms Legging,https://www.amazon.com/dp/B0F9PQ4P6S,Girls' Leggings,572,40%,11.99
B0FR7TYZM8,https://m.media-amazon.com/images/I/61M+PXTVfsL._AC_US600_.jpg,STQ Shower Shoes for Women Pool Beach Flip Flops with Arch Support Quickly Dry,https://www.amazon.com/dp/B0FR7TYZM8,Women's Flip-Flops,572,52%,15.99
B0FGYFZYJ2,https://m.media-amazon.com/images/I/71MBKZXdcaL._AC_US600_.jpg,"Sport Headbands for Men 6 Pack, Summer-Exclusive Lightweight Elastic Soft Fabric Non-Slip Men Hair Bands Hair Warp Running Cycling Sports Tennis Basketball Daily Workout",https://www.amazon.com/dp/B0FGYFZYJ2,Men's Sport Headbands,572,47%,7.99
B0FC6GB5VH,https://m.media-amazon.com/images/I/71aqzXRfvZL._AC_US600_.jpg,Boboking Teen Girls Seamless Underwear Tagless Panties Full Coverage Pack of 8,https://www.amazon.com/dp/B0FC6GB5VH,Girls' Panties,572,58%,16.99
B0FLD3QLLK,https://m.media-amazon.com/images/I/61c2m-zCI6L._AC_US600_.jpg,Sparkly Sequin Tops for Women Tank Top Disco Outfit Sleeveless Shiny Glitter Club Halloween Party Shirt Blouse,https://www.amazon.com/dp/B0FLD3QLLK,Women's Tanks & Camis,572,47%,19.99
B0FDB2Z2NF,https://m.media-amazon.com/images/I/61pfHTm1SpL._AC_US600_.jpg,RIKUAOU Men’s Compression Pants Running Leggings Athletic Base Layer Workout Tights with Pockets for Sports Basketball,https://www.amazon.com/dp/B0FDB2Z2NF,Men's Compression Pants,572,40%,6.99
B0F62YQ1R9,https://m.media-amazon.com/images/I/81ZUJF7N8EL._AC_US600_.jpg,ROSYCORAL Cotton Underwear for Women Lace Trim Briefs Soft Low Rise Ladies Stretchy Hipster Bikini Panties 5 Pack,https://www.amazon.com/dp/B0F62YQ1R9,Women's Bikini Panties,571,52%,9.99
B0FHQF492J,https://m.media-amazon.com/images/I/913FJw8nGpL._AC_US600_.jpg,PATPAT Matching Family Christmas Onesie Pajamas – Holiday Hooded Jumpsuit Sleepwear PJs Couples Xmas Loungewear with Socks,https://www.amazon.com/dp/B0FHQF492J,Women's Novelty One-Piece Pajamas,571,53%,9.99
B0FQ9QC9CY,https://m.media-amazon.com/images/I/818lROBVokL._AC_US600_.jpg,Winter Trapper Hat for Boys Girls，Ushanka Trapper Earflap Cap Waterproof &Windproof Beanie Fleece Lined Kids Hat,https://www.amazon.com/dp/B0FQ9QC9CY,Boys' Hats & Caps,570,33%,9.99
B0FY4YMVHS,https://m.media-amazon.com/images/I/71I66nZwBiL._AC_US600_.jpg,Men's Newsboy Cap Wool Blend Classic Herringbone Tweed Flat Caps Gatsby Cabbie Hats Ivy Irish Hat,https://www.amazon.com/dp/B0FY4YMVHS,Men's Newsboy Caps,570,55%,19.99
B0FHP6CQHY,https://m.media-amazon.com/images/I/61thT2oe0gL._AC_US600_.jpg,LecGee Men's Tracksuits 2 Piece Color Block Pullover Hoodie and Sweatpants Casual Athletic Sweatsuits Set for Men,https://www.amazon.com/dp/B0FHP6CQHY,Men's Tracksuits,570,41%,19.99
B0FLY7BD8D,https://m.media-amazon.com/images/I/81r3IbbYj-L._AC_US600_.jpg,MAGISDU Kids Gloves Winter Alpaca Wool Knit Fleece Lined Gloves Touchscreen Warm for Boys Girls Children Toddler,https://www.amazon.com/dp/B0FLY7BD8D,Girls' Cold Weather Gloves,570,53%,14.99
B0FDQPTZFW,https://m.media-amazon.com/images/I/61-ZTNkUmlL._AC_US600_.jpg,Diu Life 3 Pack Fleece Lined Leggings for Women Thermal Tummy Control High Waist Running Tights Winter Workout Yoga Pants,https://www.amazon.com/dp/B0FDQPTZFW,Women's Activewear Leggings,570,49%,19.99
B0FM7G31D9,https://m.media-amazon.com/images/I/61-5FTtuulL._AC_US600_.jpg,"MADO 2 pack mouse ears headbands for adults women little girls boys (red polka dot, onesize)",https://www.amazon.com/dp/B0FM7G31D9,Women's Headbands,570,37%,8.99
B0FW4HWGNV,https://m.media-amazon.com/images/I/51nSCJu3K0L._AC_US600_.jpg,Aimétte Monette Dainty Gold Necklace for Women Lucky Four Leaf Clover Womens Necklaces 18K Gold Plated Jewelry Gifts,https://www.amazon.com/dp/B0FW4HWGNV,Women's Pendant Necklaces,570,55%,9.99
B0FKGB779N,https://m.media-amazon.com/images/I/51jkX3ok50L._AC_US600_.jpg,Women Sheer Knee High Stockings 20 Denier (3PCS One Size),https://www.amazon.com/dp/B0FKGB779N,Women's Sheers,569,12%,3.99
B0FXXFBHN8,https://m.media-amazon.com/images/I/81OyyCB0ewL._AC_US600_.jpg,Sriomu 7 Chakra Bracelets for Women Handmade Natural Jasper Stone & with Real Leather Strand Healing Bead Bracelet Women Men Boho Friendship Jewelry,https://www.amazon.com/dp/B0FXXFBHN8,Women's Bangle Bracelets,569,62%,17.99
B0F849ZPZX,https://m.media-amazon.com/images/I/61egZxPhVsL._AC_US600_.jpg,"Poxtex Gold Jesus Cross Bracelets for Women Trendy, 14K Dainty Gold Plated Religious Bracelets for Women Bulk, Christian Baptism Gifts for Women Mom Her",https://www.amazon.com/dp/B0F849ZPZX,Women's Stretch Bracelets,569,51%,9.99
B0F8R5JZKP,https://m.media-amazon.com/images/I/716y5nCqbfL._AC_US600_.jpg,"Monxiery 8 Pairs Womens 100% Cotton Non Slip No Show Socks, Low Cut Casual Invisible Liner Socks.",https://www.amazon.com/dp/B0F8R5JZKP,Women's No-Show Socks,568,38%,9.99
B0FX4SGT2W,https://m.media-amazon.com/images/I/61db+dpJ5LL._AC_US600_.jpg,Nukuvara Men's Compression Shirt Sleeveless Athletic Workout Tank Tops Quick Dry Muscle Undershirts for Gym Running,https://www.amazon.com/dp/B0FX4SGT2W,Men's Compression Tank Tops,568,53%,9.99
B0FDW2DCLM,https://m.media-amazon.com/images/I/71xX3EltFEL._AC_US600_.jpg,YUHAN PRETTY Winter Gloves for Men Wool Thermal Fleece Touchscreen Knit Warm Snow Gloves for Running Cycling Cold Weather,https://www.amazon.com/dp/B0FDW2DCLM,Men's Cold Weather Gloves,567,46%,7.99
B0FPM99G3C,https://m.media-amazon.com/images/I/71Vi1LuPgTL._AC_US600_.jpg,FIBO STEEL Silver Hypoallergenic Earrings for Girls Women - Surgical Steel Flat Back Small Stud Hoop Earring with Colorful CZ Charms Dainty Cute Toddler Earrings Set for Sensitive Ears Little Girl Jewelry for Kids Over 3 Years Old,https://www.amazon.com/dp/B0FPM99G3C,Girls' Hoop Earrings,567,61%,16.99
B0FRD3WG8W,https://m.media-amazon.com/images/I/81gYQsbETIL._AC_US600_.jpg,"ESPVO Happy Birthday Gifts for Boys 9-16 Years Old, 316L Stainless Steel Cross Necklace Christian Religious Jewelry Gifts for Son Nephew Grandson Kids Teenage 18+2 Inches",https://www.amazon.com/dp/B0FRD3WG8W,Boys' Necklaces,567,56%,13.99
B0FDB5RLNG,https://m.media-amazon.com/images/I/71lpBNhYdCL._AC_US600_.jpg,Toddler Baby Girl Clothes Fall Winter Outfits Long Sleeves Hoodie Top Sweatpants Set Sweatsuit 2Pcs,https://www.amazon.com/dp/B0FDB5RLNG,Baby Girls' Pant Sets,567,33%,9.99
B0FLV6DKH9,https://m.media-amazon.com/images/I/71TS7eW4hoL._AC_US600_.jpg,BemeyourBBs Fall Winter Toddler Baby Girl Clothes Cute Print Ruffle Shirt Top Pants Set 2 Piece Newborn Infant Girl Outfit,https://www.amazon.com/dp/B0FLV6DKH9,Baby Girls' Pant Sets,567,43%,12.99
B0G13G9MJ9,https://m.media-amazon.com/images/I/61ahC841TjL._AC_US600_.jpg,WOWORAMA Chunky Heart Necklaces for Women Colorful Resin Beaded Choker Necklace Gold Puffy Heart Statement Necklace Trendy Acrylic Choker Jewelry,https://www.amazon.com/dp/B0G13G9MJ9,Women's Choker Necklaces,566,57%,16.99
B0FH4V2THH,https://m.media-amazon.com/images/I/61D2u9btMvL._AC_US600_.jpg,2 Pack Winter Neck Gaiter Warmer for Women Men Soft Fleece Neck Warmers Windproof Warm Face Cover Mask Scarf for Cold Weather,https://www.amazon.com/dp/B0FH4V2THH,Women's Cold Weather Neck Gaiters,566,44%,7.99
B0FCY82STJ,https://m.media-amazon.com/images/I/617Q7jvTCuL._AC_US600_.jpg,"Roadbox Men’s Compression Pants Running Tights, Performance Sports Workout Leggings, Athletic Base Layer for Gym Basketball",https://www.amazon.com/dp/B0FCY82STJ,Men's Compression Pants,566,53%,7.59
B0FCY7T691,https://m.media-amazon.com/images/I/71I-bj92LEL._AC_US600_.jpg,CARETOO Toddler Girl Clothes Girl 2pcs Fall Winter Outfit Ruffle Hem Top and Full-print Patterned Pants 2-7 Years,https://www.amazon.com/dp/B0FCY7T691,Girls' Pant Sets,565,60%,19.99
B0FQV5FBH3,https://m.media-amazon.com/images/I/71df0Qr9yyL._AC_US600_.jpg,Vorspack Gym Bag for Men - 18 Inches Duffle Bag for Travel Duffel Bag with Shoe Compartment Lightweight Travel Bag for Gym Sports Overnight Weekender - Black,https://www.amazon.com/dp/B0FQV5FBH3,Sports Duffel Bags,564,51%,18.99
B0FGJDTFQ9,https://m.media-amazon.com/images/I/71XpoQOLgBL._AC_US600_.jpg,"MERDTTES Large Double Eyeglasses Case, Shockproof Hard EVA Shell Dual Sunglasses Organizer with Zipper & Metal Hanging Hook, Travel Glasses Storage Case for Men and Women - Orange",https://www.amazon.com/dp/B0FGJDTFQ9,Women's Accessories,564,22%,6.99
B0FLWFRJYN,https://m.media-amazon.com/images/I/712eSr11dmL._AC_US600_.jpg,PLEPAN Men's Corduroy Pants Classic Casual Pants Elastic Waist Straight Leg Loose Fit Streetwear Commuting with 5 Pockets,https://www.amazon.com/dp/B0FLWFRJYN,Men's Casual Pants,563,47%,19.99
B0FHQGWCG3,https://m.media-amazon.com/images/I/519e+MmE5WL._AC_US600_.jpg,Florideco 925 Sterling Silver Earrings for Women Trendy Hypoallergenic Small Gold Hoop Earrings 14K Gold Plated Stud Earring Sets for Multiple Piercing CZ Ear Cuff Cartilage Earring Stacks,https://www.amazon.com/dp/B0FHQGWCG3,Women's Hoop Earrings,562,49%,12.59
B0FH6Q62RB,https://m.media-amazon.com/images/I/61QoA7zPyjL._AC_US600_.jpg,UUBARIS House Slippers for Men Women Furry Slip On Sock Shoes For Traval Indoor Yoga With Thickened Sole,https://www.amazon.com/dp/B0FH6Q62RB,Women's Slippers,562,44%,12.18
B0FLJC4MQQ,https://m.media-amazon.com/images/I/81p3H4fyMrL._AC_US600_.jpg,Yoofoss Baby Sleepers Baby Girl Clothes 100% Cotton Pajamas for Newborn 0-3 3-6 6-9 Months Sleep and Play Pjs,https://www.amazon.com/dp/B0FLJC4MQQ,Baby Girls' One-Piece Footies,561,52%,17.99
B0FPGN9RK8,https://m.media-amazon.com/images/I/61vxGmOLXlL._AC_US600_.jpg,"Ewrkbr Dangle Earrings for Women, Elegant Wedding Earrings 14K Gold Plated Long Cubic Zirconia Drop Earrings for Women Trendy Dainty Bridal Earrings Cute Dangly Wedding Jewelry",https://www.amazon.com/dp/B0FPGN9RK8,Women's Drop & Dangle Earrings,561,55%,9.99
B0FFM6DWRN,https://m.media-amazon.com/images/I/61wnm1l8aRL._AC_US600_.jpg,baotongle 2 Pairs Women's Nylon Striped Tights Striped Tights for Women Women's Stocking Hosiery,https://www.amazon.com/dp/B0FFM6DWRN,Women's Tights,560,42%,7.99
B0FKB33LGF,https://m.media-amazon.com/images/I/71RnGLFPvsL._AC_US600_.jpg,RAISEVERN Boys Girls Hoodies Kids Sweatshirts Pullover Hooded 3D Print Graphics Lightweight Hoody 6-16T,https://www.amazon.com/dp/B0FKB33LGF,Boys' Novelty Hoodies,560,50%,16.99
B0FV8DDBNM,https://m.media-amazon.com/images/I/51P1cXfJ+vL._AC_US600_.jpg,"Pealicious Soccer Bracelets Valentines Golf Gifts for Men Golfers with Natural Stone, Vday Hockey Bracelet as Hockey Gifts for Boys, Men Soccer Golf Stuff for Team, Ideal Sport Jewelry for Son and Dad",https://www.amazon.com/dp/B0FV8DDBNM,Boys' Bracelets,560,55%,12.99
B0FNPVHVTC,"https://m.media-amazon.com/images/I/51ZVyBy0XhL._AC_SR600,600_.jpg",OKKLE Beanie with Headlamp Beanie with Light LED Winter Stocking Cap Knit Hats for Men Women,https://www.amazon.com/dp/B0FNPVHVTC,Women's Skullies & Beanies,559,51%,16.99
B0FSKMYM7Q,https://m.media-amazon.com/images/I/71prUATIvJL._AC_US600_.jpg,Christmas Earrings for Women Dangling - Christmas Bow Earrings Red Green Drop Earrings Hypoallergenic Party Jewelry Gifts for Women Mom Daughter Best Friend,https://www.amazon.com/dp/B0FSKMYM7Q,Women's Drop & Dangle Earrings,559,39%,5.99
B0FLDKFQF6,https://m.media-amazon.com/images/I/2141lvX55UL._AC_US600_.jpg,"NECOCY Gold Cross Bracelet for Women, Dainty 14K Gold Plated/Silver Plated Charm Bracelet Stack Trendy Pearl Bead Knot Cross Chain Bracelet Religious Christian Baptism Gifts Jewelry Christmas",https://www.amazon.com/dp/B0FLDKFQF6,Women's Link Bracelets,559,55%,12.99
B0FBQTFB3R,https://m.media-amazon.com/images/I/617LdyRhYwL._AC_US600_.jpg,KEREDA Girls Cargo Pants Jogger Elastic Waist Drawstring with Pockets Uniform Pants Clothes for Teen Girls,https://www.amazon.com/dp/B0FBQTFB3R,Girls' Pants & Capris,559,53%,19.99
B0FH73V1PH,https://m.media-amazon.com/images/I/81U-eI6mQLL._AC_US600_.jpg,JOINFREE Womens Fuzzy Slippers Cozy Wide Mules Adjustable Diabetic Slippers Warm Memory Foam House Clogs Slipper Indoor Outdoor Potato Shoes for Edema Swollen Feet,https://www.amazon.com/dp/B0FH73V1PH,Women's Slippers,559,48%,18.03
B0G2CRK9WX,https://m.media-amazon.com/images/I/71OHcHXQd8L._AC_US600_.jpg,"My Social Battery Creative Badge, 7 Days a Week Fun Enamel Emotional Badge, Functional Aesthetic Brooch, Perfect Accessory for Personalizing Backpacks, Jackets, Bags, or Any Fabric Surface with a Sense of Humor!",https://www.amazon.com/dp/B0G2CRK9WX,Women's Brooches & Pins,558,49%,7.97
B0FBWVNFP4,https://m.media-amazon.com/images/I/61icjum099L._AC_US600_.jpg,Toddler Girl Clothes Camo 2 Piece Little Girls Clothes Half Zip Up Hoodies Color Block Outfits Sweatshirt Pant Sets,https://www.amazon.com/dp/B0FBWVNFP4,Girls' Pant Sets,558,45%,9.99
B0FHP6YPHJ,https://m.media-amazon.com/images/I/71qb5WWcwYL._AC_US600_.jpg,Pisypox Checkbook Cover for Personal Checkbook，Pu Leather Check Book Covers for Women and Men，With Pen holders and Elastic Bands & Built-in Clear Plastic Divider for Duplicate Checks，Black,https://www.amazon.com/dp/B0FHP6YPHJ,Women's Checkbook Covers,558,45%,6.99
B0FG7HMYHM,https://m.media-amazon.com/images/I/71wRE07GLdL._AC_US600_.jpg,OOOPEL Large Thin Double Hoop Earrings for Women Lightweight Hypoallergenic 925 Sterling Silver Post 14K Gold Hoops Non Tarnish Sturdy Big Thin Double Layered Hoop Earrings 30/40/50/60mm,https://www.amazon.com/dp/B0FG7HMYHM,Women's Hoop Earrings,558,58%,14.99
B0FHH3P9V2,https://m.media-amazon.com/images/I/51JME1TMs0L._AC_US600_.jpg,Rupy 2T-5T Toddler Thermal Underwear Set for Kids Fleece Lined Toddler Long Johns for Boys Girls Soft Base Layer Winter,https://www.amazon.com/dp/B0FHH3P9V2,Boys' Thermal Underwear Sets,558,57%,19.99
B0FK27GVTC,https://m.media-amazon.com/images/I/613A-hiZJTL._AC_US600_.jpg,"Womens Slipper Memory Foam Fluffy Soft Warm Slip On Anti-Skid House Slippers,Cozy Plush for Indoor Outdoor",https://www.amazon.com/dp/B0FK27GVTC,Women's Slippers,558,29%,13.98
B0FJFPQ3BB,https://m.media-amazon.com/images/I/71xT89MRKKL._AC_US600_.jpg,BACSAC Baby Shoes for Boys Girls Non Slip Low Top Infant Walking Shoes Breathable Comfort Toddler Walker Shoes Pull On Newborn Baby Sneakers 3 6 9 12 Months,https://www.amazon.com/dp/B0FJFPQ3BB,Baby Boys' Sneakers,557,47%,12.99
B0FJDMHXD1,https://m.media-amazon.com/images/I/7119xs5nBnL._AC_US600_.jpg,ORALER Valentines Day Gifts for Her - Fuzzy Socks for Women Mom Wife Cozy Fluffy Socks Birthday Galentines Day Gifts,https://www.amazon.com/dp/B0FJDMHXD1,Women's Slipper Socks,557,36%,9.99
B0FN7626P9,https://m.media-amazon.com/images/I/619qDXAB+UL._AC_US600_.jpg,DEANGELMON Women's Padded Bandeau Sports Strapless Bra Wireless Yoga Workout Tube Top Bralette Pink Small,https://www.amazon.com/dp/B0FN7626P9,Everyday Bras,556,62%,19.99
B0FX3VX5X8,https://m.media-amazon.com/images/I/71skq3IWTSL._AC_US600_.jpg,"14Pcs Korean Idol Action Figure，Anime Pendant Keychains Holder Car Key Ring Mobile Phone Bag Hanging Cute Kawaii, Home Activity Class Prizes Carnival Christmas Rewards",https://www.amazon.com/dp/B0FX3VX5X8,Women's Novelty Keychains,556,56%,16.99
B0FL77F2WM,https://m.media-amazon.com/images/I/710TQuyvjtL._AC_US600_.jpg,Vogium Adult Fleece Neck Warmer Gaiter | Windproof Face Mask for Winter Sports & Commuting | Unisex Warm Elastic Tube Scarf,https://www.amazon.com/dp/B0FL77F2WM,Women's Hiking & Outdoor Recreation Multifunctional Headwear,556,50%,8.99
B0FPXPRHQG,https://m.media-amazon.com/images/I/61iEg+6K-hL._AC_US600_.jpg,"Costume Weapons for Hunter Zoey Cosplay: Anime Merch 6"" Darts 3-Pack - Outfit Accessories Prop",https://www.amazon.com/dp/B0FPXPRHQG,Costume Weapons & Armor,556,52%,11.99
B0FWRJ2LWP,https://m.media-amazon.com/images/I/710HrXamfsL._AC_US600_.jpg,Dokela Fuzzy Open Toe Slippers for Kids Girls Boys Memory Foam Cozy Cross Band House Shoes Non-Slip Soft Lightweight Slip On Home Bedroom Slippers Indoor Outdoor,https://www.amazon.com/dp/B0FWRJ2LWP,Girls' Slippers,556,50%,15.99
B0FQBS3SFJ,https://m.media-amazon.com/images/I/81KJyhKoq5L._AC_US600_.jpg,"Faux Alpaca Wool Trooper Trapper Hat for Men Women, Winter Aviator Pilot Hat,Soft Fleece Warm Ear Flaps Windproof Outdoor",https://www.amazon.com/dp/B0FQBS3SFJ,Women's Hiking & Outdoor Recreation Hats,555,51%,9.99
B0FX43KGPW,https://m.media-amazon.com/images/I/61kwJUphddL._AC_US600_.jpg,"Bum Bag Crossbody Bags for Women Fashion Waist Packs Large Fanny Packs Belt Bag Checkered Purse Handbags Wallets Purses Trendy Shoulder Bag (Black-new, One Size)",https://www.amazon.com/dp/B0FX43KGPW,Fashion Waist Packs,555,49%,19.99
B0FNMKY3YH,https://m.media-amazon.com/images/I/81go75RF3wL._AC_US600_.jpg,"Jikuzfu Kids Touchscreen Ski Gloves Children Waterproof Winter Snow Gloves with Grip, Unicorn Monster Design, Anti-Loss Clip for Boys & Girls",https://www.amazon.com/dp/B0FNMKY3YH,Girls' Skiing & Snowboarding Gloves,555,47%,8.48
B0FN461JF7,https://m.media-amazon.com/images/I/81yEB-M0RRL._AC_US600_.jpg,"Matching Family Christmas Pajamas, Cute Xmas Pjs Sets for Couples/Adult, Holiday 2 Piece Sleepwear Nightwear Jammies",https://www.amazon.com/dp/B0FN461JF7,Men's Pajama Sets,555,53%,19.99
B0FH4FZT8F,https://m.media-amazon.com/images/I/611if5cT5oL._AC_US600_.jpg,YIJIU Women's Summer Cute Cartoon Print Top and Pant Pajama Set Lounge Sleepwear,https://www.amazon.com/dp/B0FH4FZT8F,Women's Pajama Sets,555,49%,19.99
B0FPFH2PTP,https://m.media-amazon.com/images/I/61XvgWXcxGL._AC_US600_.jpg,"Fashion Charms Compatible for Bracelets,S925 Sterling Silver Charms,For Women Jewelry Present | For Women, Compatible for Bracelets, Jewelry Present",https://www.amazon.com/dp/B0FPFH2PTP,Women's Bead Charms,555,62%,17.99
B0FVFTQ2VD,https://m.media-amazon.com/images/I/61HrXlR2qsL._AC_US600_.jpg,"YellovEvey Fidget Spinner Ring for Women:18K Gold Plated Stainless Steel with Mother of Pearl Shell & Cubic Zirconia, Anxiety Relief Spinning Jewelry Gift for Birthday Wedding Engagement Anniversary",https://www.amazon.com/dp/B0FVFTQ2VD,Women's Wedding Bands,555,58%,14.99
B0F8MNNKL9,https://m.media-amazon.com/images/I/61ugApVXrXL._AC_US600_.jpg,Marvolia Large Tote Bag for Women - Lightweight Travel Tote Handbags Work Tote Bags with Zipper for Gym Travel Work,https://www.amazon.com/dp/B0F8MNNKL9,Women's Tote Handbags,554,33%,11.99
B0FSYZS18N,"https://m.media-amazon.com/images/I/41cskHfeUbL._AC_SR600,600_.jpg",SINOPHANT Womens Wide Leg Sweatpants Light Fleece Lined Baggy Lounge Pants with Pockets Fall Drawstring Athletic Joggers,https://www.amazon.com/dp/B0FSYZS18N,Women's Sweatpants,554,48%,12.99
B0FJDRPMB4,https://m.media-amazon.com/images/I/817AxmP1gAL._AC_US600_.jpg,"FZ FANTASTIC ZONE Winter Fingerless Gloves for Women Men, Fleece Warm Knit Type Work Half Finger Gloves for Cold Weather Gift",https://www.amazon.com/dp/B0FJDRPMB4,Women's Cold Weather Gloves,554,50%,11.99
B0FQ4R53G6,https://m.media-amazon.com/images/I/61Z74v81lKL._AC_US600_.jpg,Sumolux Women Beret Hat Wool Vintage French Solid Color Classic Winter Cap,https://www.amazon.com/dp/B0FQ4R53G6,Women's Berets,554,35%,13.99
B0FMK86V7T,https://m.media-amazon.com/images/I/71+upTCGmkL._AC_US600_.jpg,"MAKABO Women's Long Cardigans Lightweight, V Neck Knit Button Front Sweaters with Pockets Trendy Outfits for Business Casual",https://www.amazon.com/dp/B0FMK86V7T,Women's Cardigans,554,45%,17.99
B0FLDBYGJ8,https://m.media-amazon.com/images/I/81Fn0dKd6oL._AC_US600_.jpg,HOFISH Pumping Bra Hands Free Support Nursing & Pumping Bra in One Ultra-Soft Breast Pump Bra All Day Wear,https://www.amazon.com/dp/B0FLDBYGJ8,Maternity Nursing & Maternity Bras,554,60%,19.99
B0FVF8D1X2,https://m.media-amazon.com/images/I/61siNzrLVlL._AC_US600_.jpg,"Gnamy Soccer Cross Necklace Gifts for Boys Men, Cross with Bible Verse Stainless Steel Pendant Chain Valentines Easter Christian Religious Jewelry Gifts for Him Kids Teenage Teens",https://www.amazon.com/dp/B0FVF8D1X2,Boys' Necklaces,553,53%,11.99
B0FMFJ8XZF,https://m.media-amazon.com/images/I/71h5d4M3jPL._AC_US600_.jpg,Vrtige Women's Satin Tank Summer Top Adjustable Spaghetti Lace Trim V Neck Strap Camisole,https://www.amazon.com/dp/B0FMFJ8XZF,Women's Tanks & Camis,553,53%,19.99
B0F845QZ7R,https://m.media-amazon.com/images/I/81e5kj509YL._AC_US600_.jpg,Tournesol Women's 5 Pairs Wool Warm Socks Winter Cozy Thermal Sock Cabin Thick Socks Present for Cold Weather,https://www.amazon.com/dp/B0F845QZ7R,Women's Calf Socks,552,9%,5.99
B0FDJSDLS4,https://m.media-amazon.com/images/I/71rbNwA4WcL._AC_US600_.jpg,WESIDOM Toddler Girl Clothes Ruffle Shoulder Top+Floral Pants 1-6T Toddler Girls Outfits 2 Piece Sets,https://www.amazon.com/dp/B0FDJSDLS4,Baby Girls' Pant Sets,552,46%,14.98
B0FM25QB19,https://m.media-amazon.com/images/I/6161v9EeRvL._AC_US600_.jpg,"CleanCrown Ultrasonic Jewelry Cleaner Solution (250ml), Jewelry Cleaner for Gold, Silver, Diamond and More, Gold Jewelry Cleaner Liquid, Gentle Jewelry Cleaning Solution for Ultrasonic Machines & Manual Use",https://www.amazon.com/dp/B0FM25QB19,Jewelry Cleaning & Care Products,552,46%,9.99
B0FGQ878XS,https://m.media-amazon.com/images/I/51LAZiCuG+L._AC_US600_.jpg,"Turandoss Christmas Gifts for Grandkids - Stocking Stuffers for Teen Girls, 6 7 8 9 10 11 12 13 14 15 16 Year Old Girls Birthday Gifts, 14K Dainty Gold Plated Created Birthstone Bracelets for Women",https://www.amazon.com/dp/B0FGQ878XS,Girls' Link Bracelets,551,49%,7.99
B0FR4TKH2M,https://m.media-amazon.com/images/I/81f3zNybKGL._AC_US600_.jpg,Kids Boys Girls Ball Sports Slippers Soft Plush Lined Winter Warm House Shoes Memory Foam Cozy Non-Slip Indoor Home Bedroom Slippers,https://www.amazon.com/dp/B0FR4TKH2M,Boys' Slippers,551,48%,9.99
B0FD9Z5P6Q,https://m.media-amazon.com/images/I/61InTMutU9L._AC_US600_.jpg,"3 Pack Leggings for Women, High Waisted Tummy Control No See-Through Yoga Pants for Workout Running",https://www.amazon.com/dp/B0FD9Z5P6Q,Women's Activewear Leggings,551,49%,19.99
B0FF53CGQQ,https://m.media-amazon.com/images/I/81niroq1iSL._AC_US600_.jpg,"UNGENT THEM Joshua 1:9 Encouraging Christian Birthday Gifts for Boys Teens Men, Bible Verse Leather Cross Bracelet",https://www.amazon.com/dp/B0FF53CGQQ,Boys' Bracelets,550,61%,16.99
B0FJLQLRB8,https://m.media-amazon.com/images/I/71ZhiUrdokL._AC_US600_.jpg,YUHAN PRETTY Kids Ski Mask Neck Warmer Winter Neck Gaiter Boys Girls Warm Thermal Fleece Lined Knitted Scarf for Cold Weather,https://www.amazon.com/dp/B0FJLQLRB8,Girls' Cold Weather Neck Gaiters,549,41%,6.99
B0FVM5KJHV,https://m.media-amazon.com/images/I/61eNBz6yseL._AC_US600_.jpg,Avotto S925 Sterling Silver Cuban Chain Necklace for Women 3mm/5mm Thick Sturdy & Colourfast Women's Chain Necklaces Christmas Jewelry Gifts 16/18/20/22/24/Inch,https://www.amazon.com/dp/B0FVM5KJHV,Women's Chain Necklaces,549,60%,15.99
B0FX56B5VG,https://m.media-amazon.com/images/I/61tbAR2tiSL._AC_US600_.jpg,"pequano 14PCS luminous Dinosaur Charms Decoration for Shoe,charms for boys Decoration for Bag,Bracelets Dinosaurs Themed Party Favor",https://www.amazon.com/dp/B0FX56B5VG,Shoe Decoration Charms,549,18%,3.98
B0FFGTCK64,"https://m.media-amazon.com/images/I/51hvKMA+PEL._AC_SR600,600_.jpg",Comfoex Kids Wool Socks Warm Thick Thermal Cozy Soft Crew Socks for Boys 4-10 Years Old 6 Pairs,https://www.amazon.com/dp/B0FFGTCK64,Boys' Crew Socks,548,38%,12.99
B0FJM9MQ6X,https://m.media-amazon.com/images/I/71MeXVMmMKL._AC_US600_.jpg,4/5/6 Pairs Stainless Steel 30/40/50/60/70 mm Silver 14K Gold Hoop Earrings for Women Hypoallergenic Big Thin Lightweight Dangle Set,https://www.amazon.com/dp/B0FJM9MQ6X,Women's Hoop Earrings,548,39%,5.99
B0FKGYD98Q,https://m.media-amazon.com/images/I/81DIx+ZjwzL._AC_US600_.jpg,"Zosenley Wooden Valet Tray with Leather Base - Nightstand Catchall Organizer for Cologne, Perfume, Keys, Wallet, Phone, Watch, Jewelry & Sunglasses (Black)",https://www.amazon.com/dp/B0FKGYD98Q,Jewelry Trays,547,42%,12.99
B0FXQHB92M,https://m.media-amazon.com/images/I/71eg7VOEKCL._AC_US600_.jpg,Little bety Girls Cute Printed Underwear Kids Cotton Comfort Panty Briefs Toddler Undies(Pack of 6) Multipack,https://www.amazon.com/dp/B0FXQHB92M,Girls' Panties,547,33%,9.99
B0FM3Y4XZX,https://m.media-amazon.com/images/I/216T5o22wvL._AC_US600_.jpg,Christmas Snowflake Earring for Women Dainty Snowflake Pearl Drop Dangle Earrings Sparkly White Zirconia Snowflakes Stud Earrings Christmas costume Jewelry Gifts,https://www.amazon.com/dp/B0FM3Y4XZX,Women's Drop & Dangle Earrings,546,39%,5.99
B0FN349CMQ,"https://m.media-amazon.com/images/I/51WcDGi7MCL._AC_SR600,600_.jpg",Jeasona Funny Hat for Men Baseball Cap Gifts for Men Dad Grandpa Papa Husband Adjustable,https://www.amazon.com/dp/B0FN349CMQ,Men's Baseball Caps,546,30%,12.99
B0FFGZJKVP,https://m.media-amazon.com/images/I/8121U8BnB-L._AC_US600_.jpg,"BOKIOW Women Tummy Control Underwear,High Waisted Lace Panties, High Cut Silky Soft Ladies Postpartum Brief Multipack",https://www.amazon.com/dp/B0FFGZJKVP,Women's Briefs,546,60%,19.99
B0FMNQS5PL,https://m.media-amazon.com/images/I/612Ffl1l-GL._AC_US600_.jpg,Lckaey Purse Organizer Insert For Longchamp Bag Women Purse Tote Large For Long Champ Le Pliage organizer 2025beige-L,https://www.amazon.com/dp/B0FMNQS5PL,Handbag Organizers,546,45%,15.71
B0FH65YXM6,https://m.media-amazon.com/images/I/71cGp+ZAdPL._AC_US600_.jpg,Plus Size Magic Kingdom Shirts for Women Castle Graphic T Shirt Cute Holiday Shirt Princess Tee Funny Vacation Tops,https://www.amazon.com/dp/B0FH65YXM6,Women's T-Shirts,546,54%,17.99
B0FS77TXXG,https://m.media-amazon.com/images/I/81MEfpWl7CL._AC_US600_.jpg,7 Inch Men Swim Trunks with Compression Breathable Liner Quick Dry Zipper Pockets for Pool Board Beach Cruise,https://www.amazon.com/dp/B0FS77TXXG,Men's Swim Trunks,546,60%,19.99
B0FX3T71D1,https://m.media-amazon.com/images/I/71SSpRvYpCL._AC_US600_.jpg,ALLTHRO Mens Workout Tank Tops Quick Dry Sleeveless Running Shirts Gym Muscle Bodybuilding Shirts for Men,https://www.amazon.com/dp/B0FX3T71D1,Men's Activewear Tank Tops,546,22%,4.99
B0FLDDZNCD,https://m.media-amazon.com/images/I/81fBgaEOZ9L._AC_US600_.jpg,GUSLESON Solid Bow Ties for Boys Pre-Tied Baby Kids Bow Tie Adjustable Toddler Bowties for Wedding Party,https://www.amazon.com/dp/B0FLDDZNCD,Boys' Bow Ties,545,41%,6.95
B0FM2HN41F,https://m.media-amazon.com/images/I/71MhXwfOM8L._AC_US600_.jpg,Aquavel Thora Women's Cute Bow Slippers Cartoon House Fur Shoes Cozy Indoor Momory Foam Outdoor,https://www.amazon.com/dp/B0FM2HN41F,Women's Slippers,545,51%,17.99
B0FNW9FCN3,https://m.media-amazon.com/images/I/61d5Es3TwWL._AC_US600_.jpg,Axumity Tween Girls Clothes Sporty Color Blocking Numeral Print Sweatshirt & Cargo Pants Outfit Set,https://www.amazon.com/dp/B0FNW9FCN3,Girls' Pant Sets,545,56%,19.99
B0FRMQZ2Z9,https://m.media-amazon.com/images/I/81mTyzysoCL._AC_US600_.jpg,Yvowming Newborn Baby Girl Clothes Ruffle Jumpsuit Romper Infant Coming Home Outfit for Baby Girl,https://www.amazon.com/dp/B0FRMQZ2Z9,Baby Girls' One-Piece Rompers,545,62%,19.99
B0FSCSYTKG,https://m.media-amazon.com/images/I/614cxqBokTL._AC_US600_.jpg,"GOLRIDI Wallet for Men, Slim Minimalist Carbon Fiber Wallet with Metal Money Clip/Cash Strap, RFID Blocking Aluminum Card Holder,Matte Carbon Fiber",https://www.amazon.com/dp/B0FSCSYTKG,Men's Wallets,545,54%,9.99
B0FR3MS87K,https://m.media-amazon.com/images/I/514GN9bmc9L._AC_US600_.jpg,"Teskyer Transparent Shoe Bags for Travel, 15.7"" x 11.8"" Waterproof Portable Travel Shoe Storage Bags for Packing - Travel Essentials for Men & Women, 6 PCS",https://www.amazon.com/dp/B0FR3MS87K,Shoe Bags,544,26%,4.73
B0F6CW99SM,https://m.media-amazon.com/images/I/91THlDKsBkL._AC_US600_.jpg,5 Pairs Merino Wool Hiking Socks Thermal Warm Winter Cozy Moisture Wicking Cushioned Socks for Men,https://www.amazon.com/dp/B0F6CW99SM,Men's Hiking Socks,544,53%,18.99
B0FX3R6K9S,https://m.media-amazon.com/images/I/51ejbOJD90L._AC_US600_.jpg,"Breathable Balaclava Ski Mask for Men Women, Warm Winter Face Mask for Cold Weather Motorcycling Skiing Outdoor Work",https://www.amazon.com/dp/B0FX3R6K9S,Women's Balaclavas,544,32%,8.99
B0FKMZMMNV,https://m.media-amazon.com/images/I/71smhkepFUL._AC_US600_.jpg,"Fullmosa Magnetic Braided Watch Bands - 20mm 22mm Quick Release Replacement Wristband, Stretchy Nylon Solo Loop Compatible with Traditional and Smartwatches for Men Women",https://www.amazon.com/dp/B0FKMZMMNV,Women's Watch Bands,544,54%,12.99
B0FF26TWTD,https://m.media-amazon.com/images/I/61P7NQDQlxL._AC_US600_.jpg,"Herxion Bracelets for Men & Women - Natural Gemstone Raw Beads Stretch Bracelet, Irregular Chips Healing Crystal Jewelry. Anxiety Relief for Stress & Negative Energy Protection.",https://www.amazon.com/dp/B0FF26TWTD,Women's Bracelets,544,39%,5.99
B0FGJDY1NC,https://m.media-amazon.com/images/I/81KJgaxT9mL._AC_US600_.jpg,PATPAT Family Christmas Pajamas Matching Sets Holiday Christmas Pjs for Womens Kids Sleepwear including Socks,https://www.amazon.com/dp/B0FGJDY1NC,Women's Pajama Sets,544,53%,9.99
B0FK9QVXJ1,https://m.media-amazon.com/images/I/81ApfL0+0bL._AC_US600_.jpg,"VoJoPi 5 Pairs Fuzzy Socks for Women - Microfiber Super Soft Fluffy Warm Winter Home Bed Cute Sleeping Cozy Socks, US 5-10",https://www.amazon.com/dp/B0FK9QVXJ1,Women's Slipper Socks,543,19%,5.99
B0FTW7PBPD,https://m.media-amazon.com/images/I/61tsMia-voL._AC_US600_.jpg,"Luggage Straps 3 PCS for Suitcases TSA Approved 2 Short & 1 Long Adjustable Straps with Elastic Thick Rope for Connecting Suitcases and Bags Stably with Strap Buckle and Bottle Buckle Clip, Black",https://www.amazon.com/dp/B0FTW7PBPD,Luggage Straps,543,48%,12.99
B0FDGF1Y7R,https://m.media-amazon.com/images/I/81QOAYJlrhL._AC_US600_.jpg,"Oliumt Winter Fingerless Gloves for Men Women,Warm Knitted Half Finger Gloves Driving Working Biking for Cold Weather",https://www.amazon.com/dp/B0FDGF1Y7R,Men's Cold Weather Gloves,543,53%,9.99
B0FH4XG49T,https://m.media-amazon.com/images/I/71do5Se25IL._AC_US600_.jpg,ZOORON Reversible Skull Caps for Men Women Reversible Beanie with -Double Side Warm Winter Fisherman Beanie,https://www.amazon.com/dp/B0FH4XG49T,Women's Skullies & Beanies,542,12%,3.99
B0F8BP9X35,https://m.media-amazon.com/images/I/91jDvMuR11L._AC_US600_.jpg,"LIFPAU Todder Non Slip Socks, Kids Grip Ankle Socks, Anti Skid Sock 15 Pairs for Active Boys Girls Kids 6Months-7Years",https://www.amazon.com/dp/B0F8BP9X35,Baby Boys' Socks,542,21%,7.99
B0FN4L6HHQ,https://m.media-amazon.com/images/I/71XPLBSdsfL._AC_US600_.jpg,Jelbolin Winter Neck Warmer Gaiter: 4 Pack Windproof Face Ski Mask Fleece Face Cover Scarf for Cold Weather Sports and Work,https://www.amazon.com/dp/B0FN4L6HHQ,Men's Cold Weather Neck Gaiters,541,43%,13.99
B0FSWT71VX,https://m.media-amazon.com/images/I/61k3BrDtwEL._AC_US600_.jpg,"Snycler Bubble Initial Keychain for Women, Gold Letter Charm with Cherry & Bow, Cute Bag Accessories for Purse Backpack",https://www.amazon.com/dp/B0FSWT71VX,Women's Keyrings & Keychains,541,50%,7.99
B0FH4V5VJ6,https://m.media-amazon.com/images/I/71OSN9PboaL._AC_US600_.jpg,"HEYSKAY Lip Balm Holder Keychain,Stocking Stuffers Gifts Lipstick Keychain Holder Compatible with Chapstick,Lipgloss Keychain",https://www.amazon.com/dp/B0FH4V5VJ6,Women's Keyrings & Keychains,541,49%,7.95
B0FZT1X77D,https://m.media-amazon.com/images/I/61iwSlGfwHL._AC_US600_.jpg,Lepunuo Women Flowy Maxi Skirts Summer Pleated Elastic High Waisted A-Line Trendy Floral Long Skirts with Pocket,https://www.amazon.com/dp/B0FZT1X77D,Women's Novelty Skirts,541,43%,13.49
B0FL7TWCR1,https://m.media-amazon.com/images/I/91NrWnxmTOL._AC_US600_.jpg,Non Slip Socks for Women with Grips Thermal Winter Warm Thick Cozy Cabin Crew Comfy Anti Skid Slipper Socks Gifts for Women,https://www.amazon.com/dp/B0FL7TWCR1,Women's Slipper Socks,541,45%,14.89
B0FH55YY3F,"https://m.media-amazon.com/images/I/41xUWRe7o4L._AC_SR600,600_.jpg",Queen Hero Funny Gifts Chicken Slippers fo Womens Mens and Novelty Chicken Leg Socks Combination Gifts,https://www.amazon.com/dp/B0FH55YY3F,Women's Novelty Socks,540,45%,19.99
B0FH62HX1V,https://m.media-amazon.com/images/I/51uAU0Wb1RL._AC_US600_.jpg,"Dvoliaw Straight Leg Scrub Pants for Women with 7 Pockets & Drawstring Women's Scrub Pants, Mid-Rise Straight Fit Cargo Pants Wine Red",https://www.amazon.com/dp/B0FH62HX1V,Women's Medical Scrub Pants,540,53%,19.99
B0FH4MRPBR,https://m.media-amazon.com/images/I/71XJSYb3wtL._AC_US600_.jpg,Rosoz Kids Knit Beanie Boys Girls Beanies- Kids Winter Reversible Beanie Hats with Double Sides for 7-12 Years,https://www.amazon.com/dp/B0FH4MRPBR,Boys' Hiking & Outdoor Recreation Hats & Headwear,540,22%,4.99
B0FF9PX1JK,https://m.media-amazon.com/images/I/61QBHGwpUIL._AC_US600_.jpg,"XGALBLA Cute Flower Initial Letter Keychain for Women, Flower Charms, Bag & Purse Charms for Handbags & Backpacks Accessories",https://www.amazon.com/dp/B0FF9PX1JK,Women's Keyrings & Keychains,540,45%,6.99
B0F47927G7,https://m.media-amazon.com/images/I/71ykfPMaDfL._AC_US600_.jpg,"Lapanjuor 4 Pairs Shoe Laces for Sneakers,Fashion Soft Satin Ribbon Shoelaces for Women Girls,Casual Shoes Shoestring",https://www.amazon.com/dp/B0F47927G7,Shoelaces,540,56%,9.99
B0FQ4MDGZG,https://m.media-amazon.com/images/I/81weF42SX7L._AC_US600_.jpg,LOYALLOOK Small Chunky Gold Hoop Earrings for Women Hypoallergenic 14K Gold Filled Huggie Earrings for Women Trendy Cartilage Hoop Earring Stacks Lightweight Earring Sets for Multiple Piercing,https://www.amazon.com/dp/B0FQ4MDGZG,Women's Hoop Earrings,539,55%,12.99
B0FLJDJJ7W,"https://m.media-amazon.com/images/I/31HqFTCFrSL._AC_SR600,600_.jpg","Ousmile Thermal Underwear Set for Women Long Johns with Fleece Lined, Base Layer Women Cold Weather Top Bottom",https://www.amazon.com/dp/B0FLJDJJ7W,Women's Thermal Underwear Sets,539,38%,14.99
B0FMF8BCDX,https://m.media-amazon.com/images/I/61+Epnf6GpL._AC_US600_.jpg,"SKIRIFLA Triple Threat Protection Anxiety Relief Gifts for Women,Natural Healing Crystal Bracelet Evil Eye Jewelry for Her Friends",https://www.amazon.com/dp/B0FMF8BCDX,Women's Link Bracelets,539,55%,12.99
B0FGD6R2T3,https://m.media-amazon.com/images/I/71DpYMQqHeL._AC_US600_.jpg,Baby Boy Toddler Fall Outfit Striped Sweatshirt Toddler Boy Winter Waffle Clothes 3 6 12 18 Months 2 3 T Pant Set,https://www.amazon.com/dp/B0FGD6R2T3,Baby Boys' Pants Sets,539,50%,17.99
B0FPC6S2WT,https://m.media-amazon.com/images/I/61ka1bZ7nVL._AC_US600_.jpg,"2 Pairs Chicken Leg Socks, Funny 3D Novelty Chicken Feet Knee-High & Mid-Calf Socks for Women Men, Animal Paw Socks for White Elephant Gifts, Thanksgiving Xmas Halloween Party Stocking Stuffers",https://www.amazon.com/dp/B0FPC6S2WT,Men's Novelty Socks,538,15%,5.98
B0FHJL5KNL,https://m.media-amazon.com/images/I/61etkLM+CuL._AC_US600_.jpg,Fimhut Gold Bow Necklace for Women - 18K Gold Plated Dainty Gold Necklace Cute Small Tiny Bow Pendant Choker Chain Necklaces Trendy Necklaces for Women Gold Jewelry Gift,https://www.amazon.com/dp/B0FHJL5KNL,Women's Pendant Necklaces,538,53%,11.99
B0FB3Y3YJH,https://m.media-amazon.com/images/I/61jwrJoeVIL._AC_US600_.jpg,Beftwo Women Bbl Jackets with Hood Compression Workout Tops Lined or Unlined Lightweight Yoga Gym Jacket with Thumb Hole,https://www.amazon.com/dp/B0FB3Y3YJH,Women's Athletic Jackets,537,49%,19.99
B0FN3DMVKS,https://m.media-amazon.com/images/I/61z8K9on7BL._AC_US600_.jpg,Trendy Queen Womens Wide Leg Sweatpants Drawstring High Waisted Lounge Barrel Pants Fall Baggy Athletic Joggers with Pockets,https://www.amazon.com/dp/B0FN3DMVKS,Women's Sweatpants,536,36%,14.99
B0FPCM75VB,https://m.media-amazon.com/images/I/51Lls6momsL._AC_US600_.jpg,COTTON DAY Women's Cotton Thigh High Over Knee Socks Extra Long Boot Stockings Leg Warmers Black White Burgundy,https://www.amazon.com/dp/B0FPCM75VB,Women's Knee-High Socks,536,53%,9.99
B0FNC7C1P8,https://m.media-amazon.com/images/I/71yvDofOVtL._AC_US600_.jpg,KuaiLu Womens Supportive Memory Foam Slippers Felt Fuzzy Lined Heel Cushion Lightweight House Shoes for Indoor Outdoor,https://www.amazon.com/dp/B0FNC7C1P8,Women's Slippers,536,47%,15.99
B0FYNFVR2Z,https://m.media-amazon.com/images/I/61E30AaJ+rL._AC_US600_.jpg,LOMON Palazzo Pants for Women Casual Wide Leg Flowy Pants Beach Vacation Clothes Elastic Waist Boho Trousers with Pockets,https://www.amazon.com/dp/B0FYNFVR2Z,Women's Casual Pants & Capris,536,56%,16.99
B0FM74YRVP,https://m.media-amazon.com/images/I/91fHTIiThwL._AC_US600_.jpg,"6PCS Multicolor Mesh Bag Drawstring, 14 x 17 Inch Net Bag with Lock, Multipurpose Storage Bags for Gym, Laundry, Balls, Beach and Toys",https://www.amazon.com/dp/B0FM74YRVP,Gym Drawstring Bags,536,34%,7.99
B0FT87D5NW,"https://m.media-amazon.com/images/I/412nKP5SbIL._AC_SR600,600_.jpg","Huccbs Beanie with Light Unisex, USB Rechargeable Hat with Light, 4 Lighting Modes LED Headlamp Beanie for Men Dad Father Husband Him Christmas Black",https://www.amazon.com/dp/B0FT87D5NW,Men's Skullies & Beanies,536,31%,9.99
B0FJLD894X,https://m.media-amazon.com/images/I/7153aiR9R6L._AC_US600_.jpg,Wireless Bras for Women Deep V Design Flexible Soft Bralette Seamless T Shirt Supportive Bra No Underwire,https://www.amazon.com/dp/B0FJLD894X,Everyday Bras,535,47%,14.99
B0FJD23RRC,https://m.media-amazon.com/images/I/91jC9G1FetL._AC_US600_.jpg,"IKIATY Christian Gifts for Women Girls, Religious Cross Bracelet, Birthday Christmas Easter Baptism Confirmation First Communion Valentines Day Graduation Gifts for Her",https://www.amazon.com/dp/B0FJD23RRC,Girls' Charm Bracelets,535,60%,15.99
B0FHG2H3WQ,https://m.media-amazon.com/images/I/81HOCP4RlGL._AC_US600_.jpg,Wytidian Crossbody Bags for Women Waterproof Nylon Shoulder Bag Roomy Multiple Pockets Messenger Purses Handbags,https://www.amazon.com/dp/B0FHG2H3WQ,Women's Crossbody Handbags,535,41%,14.35
B0FM3JVS3Q,"https://m.media-amazon.com/images/I/31oxmQ-XvrL._AC_SR600,600_.jpg",ISEEGZ Womens Fleece Lined Pants High Waisted Flare Cargo Leggings for Women 6 Pockets Hiking Outdoor Winter Thermal Black,https://www.amazon.com/dp/B0FM3JVS3Q,Women's Hiking Pants,535,36%,14.99
B0FKTHXSTH,"https://m.media-amazon.com/images/I/41Y4BzZky2L._AC_SR600,600_.jpg","Soziprix Funny Golf Socks for Men | Hilarious Gifts for Him, Golf Accessories & Themed Gifts for Golfers (Size 10-13)",https://www.amazon.com/dp/B0FKTHXSTH,Men's Novelty Socks,534,34%,5.99
B0FL6Z27H8,https://m.media-amazon.com/images/I/81UFy5FsRdL._AC_US600_.jpg,"LUCKINEE Lip Balm Holder For ChapStick Lip Gloss Lipstick Holder Key Chains Cute, Small Christmas Gifts Stocking Stuffers",https://www.amazon.com/dp/B0FL6Z27H8,Women's Keyrings & Keychains,534,43%,6.99
B0FLQ947XM,https://m.media-amazon.com/images/I/71HUKzwYSeL._AC_US600_.jpg,VIBILIA 31.5 Inch Leg Warmers Thigh High Socks Non-Slip Over Knee Footless Extra Long Warm Winter Socks for Women Dance Yoga,https://www.amazon.com/dp/B0FLQ947XM,Women's Leg Warmers,534,22%,9.99
B0FC2G4DNX,https://m.media-amazon.com/images/I/71ogVDBFZ3L._AC_US600_.jpg,ORAZIO 925 Sterling Silver Flat Back Stud Earrings for Women Hypoallergenic 14K Gold Plated Cartilage Earrings for Sensitive Ears Small CZ Opal Conch Helix Tragus Piercing Jewelry 3 Pairs 20G,https://www.amazon.com/dp/B0FC2G4DNX,Women's Stud Earrings,534,60%,15.99
B0FPB67FYD,https://m.media-amazon.com/images/I/61ouadouLXL._AC_US600_.jpg,Womens V Neck Christmas Shirt Merry Christmas Graphic Tees Funny Holiday Xmas T-Shirts Winter Gift Tops,https://www.amazon.com/dp/B0FPB67FYD,Women's T-Shirts,534,54%,13.99
B0FPKHXYKX,https://m.media-amazon.com/images/I/610LQj6BR9L._AC_US600_.jpg,"DITUFIDGTS Friendship Matching Bracelets Merch Toys, K-Style Adjustable Couple Bracelets - Handmade Concert Fans Costume Gift for Men, Women and Stocking Stuffers Teens",https://www.amazon.com/dp/B0FPKHXYKX,Women's Bracelets,534,39%,5.99
B0G19456TP,https://m.media-amazon.com/images/I/61pVgfihrOL._AC_US600_.jpg,Yoosteel Valentines Day Gifts for Her - Dainty 14K Gold Plated Pearl Choker Necklace Minimalist Elegant Layered Pendant Necklace for Women Trendy Bridal Bridesmaid Wedding Gift Jewelry,https://www.amazon.com/dp/B0G19456TP,Women's Pendant Necklaces,533,55%,9.99
B0FP9L5BHT,https://m.media-amazon.com/images/I/719jSTfFO9L._AC_US600_.jpg,KUKUYOMY 20 Pcs Bling Shoe Charms for Women Gold Chain Accessories Girly Cute Shoe Decoration Include Pearl Rhinestone Butterfly Flower for Party Favor,https://www.amazon.com/dp/B0FP9L5BHT,Shoe Decoration Charms,533,49%,7.99
B0FPCV34BJ,https://m.media-amazon.com/images/I/71cu+ANbHoL._AC_US600_.jpg,"Doyesiee Kids Scarf for Girls Boys, Winter Long Fleece Lining Scarves Knitted Cross Tie Neck Warmer for Cold Weather",https://www.amazon.com/dp/B0FPCV34BJ,Girl's Fashion Scarves,533,56%,14.99
B0FBX6Q3YH,https://m.media-amazon.com/images/I/71kXjOAC2FL._AC_US600_.jpg,"VGUBLG 2 Pair Boot Laces Round Shoelaces for Boots,Work,Hiking Shoe Strings for Kids,Women and Men",https://www.amazon.com/dp/B0FBX6Q3YH,Shoelaces,533,31%,4.99
B0FDKVJSTT,https://m.media-amazon.com/images/I/91ffdmgc1zL._AC_US600_.jpg,DONWEN Girl Skirt Sets 3 Piece Outfits Crew Neck Ribbed Tops Plaid Mini Skirt Shorts with Bowtie + Beret Fall Winter Clothes,https://www.amazon.com/dp/B0FDKVJSTT,Girls' Skirt Sets,533,38%,14.99
B0DQW4787Y,https://m.media-amazon.com/images/I/81dyrAUjYBL._AC_US600_.jpg,WERFORU Women Wide Leather Belt Women Fashion Wide Belt for Dresses Jeans Ladies Fashion Thick Waistbelt with Gold Buckle,https://www.amazon.com/dp/B0DQW4787Y,Women's Belts,533,45%,12.97
B0FL7MSHS9,https://m.media-amazon.com/images/I/61wamkWaWUL._AC_US600_.jpg,FLYRUN Fleece Lined Tights Women Leggings Thermal Pantyhose Fake Translucent Opaque High Waisted Winter Warm Sheer Tight,https://www.amazon.com/dp/B0FL7MSHS9,Women's Tights,532,24%,6.99
B0FT7KCGK9,https://m.media-amazon.com/images/I/61UKdREmN5L._AC_US600_.jpg,"IZHISUOUU Mouse Ears Headband - White Mouse Ear Hair Band for Theme Park Parties, Cosplay Costume Accessories for Women Adults (White)",https://www.amazon.com/dp/B0FT7KCGK9,Women's Costume Headbands,531,27%,7.59
B0FM88FGZ9,https://m.media-amazon.com/images/I/911oTKi17SL._AC_US600_.jpg,"Softball Soccer Volleyball Basketball Baseball Necklace for Girls, Teen Girl Trendy Sports Stuff Accessories Cross Neckalce Jewelry Birthday Christmas Valentines Easter Baptism Graduation Gifts",https://www.amazon.com/dp/B0FM88FGZ9,Girls' Pendants,531,60%,15.99
B0FMK8S726,https://m.media-amazon.com/images/I/819tmFQTqYL._AC_US600_.jpg,"Women's 88% Cotton Mid-Calf Socks - Arch Support, Non-Slip Y-Heel, Foldable Slouch Style (Fits 5-11) All Season",https://www.amazon.com/dp/B0FMK8S726,Women's Calf Socks,530,53%,14.99
B0FF4FZCYG,https://m.media-amazon.com/images/I/71MgEUquQjL._AC_US600_.jpg,"HONGTEYA Toddler Winter Hat Gloves Scarf Set, Kids Baby Beanie Hat Neck Warmer Mittens Fleece Lined Set",https://www.amazon.com/dp/B0FF4FZCYG,Girls' Cold Weather Accessories Sets,530,44%,13.99
B0FGCLXT6Y,https://m.media-amazon.com/images/I/61-tQkiayoL._AC_US600_.jpg,Stanpetix Fleece Lined Leggings for Women - High Waisted Workout Leggings for Women Running Exercise,https://www.amazon.com/dp/B0FGCLXT6Y,Women's Leggings,530,30%,5.98
B0FQ2TR1BQ,https://m.media-amazon.com/images/I/81Kmt1PQIyL._AC_US600_.jpg,Mieeyali St Patricks Day Baby Boy Outfit Best Of Luck Truck Sweatshirt Jumpsuit Striped Green Romper Newborn Clothes,https://www.amazon.com/dp/B0FQ2TR1BQ,Baby Boys' One-Piece Rompers,530,32%,12.99
B0FVFQM5X4,https://m.media-amazon.com/images/I/71q4aJ8MSOL._AC_US600_.jpg,"Ski Mask for Women with Long Hair, Movable Thermal Balaclava, Cold Weather Face Cover for Skiing Outdoor Activities",https://www.amazon.com/dp/B0FVFQM5X4,Women's Balaclavas,530,43%,13.99
B0FDPSBY36,https://m.media-amazon.com/images/I/818unFgU2dL._AC_US600_.jpg,InnoBeta Cowboy Boots Gifts for Men/Women Socks for Cowboy/Cowgirl - Unisex,https://www.amazon.com/dp/B0FDPSBY36,Men's Novelty Socks,529,56%,19.99
B0FT89TGP1,https://m.media-amazon.com/images/I/61YRtwmY5bL._AC_US600_.jpg,SORGERLY Bag Purse Charm Extender Chain - Vintage Tote Handbags Keychian Accessories - Designer Gifts for Women,https://www.amazon.com/dp/B0FT89TGP1,Women's Keyrings & Keychains,529,50%,12.99
B0FMR9KJ5B,https://m.media-amazon.com/images/I/71BzkACEU6L._AC_US600_.jpg,"FUQILA 100% Merino Wool Slouchy Beanie Hat, Women Warm Winter Caps Soft, Ladies Breathable & Cozy Stretchy Knitted Skull Cap",https://www.amazon.com/dp/B0FMR9KJ5B,Women's Skullies & Beanies,529,62%,19.9
B0FLQFT7KH,https://m.media-amazon.com/images/I/71w4Qt5HBVL._AC_US600_.jpg,VALANDY Creamlush Plus Size Leggings for Women-3 Packs Stretchy Soft High Waisted Women's Leggings Lounge Yoga Pants,https://www.amazon.com/dp/B0FLQFT7KH,Women's Leggings,529,47%,19.99
B0FRDJYXPN,https://m.media-amazon.com/images/I/81fh+Rpe7BL._AC_US600_.jpg,Holynissl Kids Sports Slippers Girls Boys Non-Slip House Shoes,https://www.amazon.com/dp/B0FRDJYXPN,Boys' Slippers,529,41%,18.99
B0FCM6WJDM,https://m.media-amazon.com/images/I/81mf18kUQfL._AC_US600_.jpg,HAOAN Handmade Faux Fur Animal Cat Ears Headband Furry Fox Wolf Hairhoop Headwear Costume Accessory,https://www.amazon.com/dp/B0FCM6WJDM,Women's Costume Headbands,529,41%,9.99
B0FLHNTST1,https://m.media-amazon.com/images/I/71vPZjs+wfL._AC_US600_.jpg,Christmas Shirts for Women Tis The Season Xmas Shirt Christmas Tree Graphics Tees Funny Holiday Family Party Tops,https://www.amazon.com/dp/B0FLHNTST1,Women's T-Shirts,529,34%,9.99
B0FNML238K,https://m.media-amazon.com/images/I/61IfxAeGqOL._AC_US600_.jpg,PrinStory Women’s Cardigan Sweaters V Neck Button Down Scalloped Hollow Out Knit 2025 Fall Fashion Lightweight Short Top,https://www.amazon.com/dp/B0FNML238K,Women's Cardigans,529,33%,9.98
B0FKBQZND6,https://m.media-amazon.com/images/I/61jb6JkcNmL._AC_US600_.jpg,Benfoly Women's Leather Halter Top Punk Deep V Neck Grommet Eyelet Tie Front Corset Crop Tops Backless Mini Concert Outfits,https://www.amazon.com/dp/B0FKBQZND6,Women's Tanks & Camis,529,62%,19.99
B0FB89QPNM,https://m.media-amazon.com/images/I/616s1p8D4vL._AC_US600_.jpg,DHSO Thermal Thick Fleece Lined Leggings Women - Winter Warm High Waisted Tummy Control Soft Yoga Pants for Snow Cold,https://www.amazon.com/dp/B0FB89QPNM,Women's Leggings,528,53%,19.99
B0FLPGRKDQ,https://m.media-amazon.com/images/I/61id+AM91aL._AC_US600_.jpg,"COZYFIT Professional Women's Lab Coat, 3-Pocket Medical Lab Coat fo Science Chemistry and College",https://www.amazon.com/dp/B0FLPGRKDQ,Women's Medical Lab Coats,527,59%,18.74
B0FX9HL98L,https://m.media-amazon.com/images/I/71SUPIkJH9L._AC_US600_.jpg,"Arsvetu 6 Pack Neck Gaiter, UV Protection Cooling Breathable Face Mask, Hiking Scarf for Men Women",https://www.amazon.com/dp/B0FX9HL98L,Men's Hiking & Outdoor Recreation Multifunctional Headwear,527,48%,11.99
B0FLD5W7QW,https://m.media-amazon.com/images/I/51W8QoaQ17L._AC_US600_.jpg,Haloumoning Boys 2 Piece Outfits Sweatsuit Kids Crewneck Sweatshirt and Elastic Waist Sweatpants Set 5-14 Years,https://www.amazon.com/dp/B0FLD5W7QW,Boys' Sweatsuits,527,48%,19.99
B0DLNJGLXS,https://m.media-amazon.com/images/I/71SaJsQaYPL._AC_US600_.jpg,Naggoo Women's Skirts Midi Length Casual Fall High Waisted Work Office Pull On Skirt with Slits Black XL,https://www.amazon.com/dp/B0DLNJGLXS,Women's Day & Work Skirts,526,31%,14.99
B0FX3MBJT2,https://m.media-amazon.com/images/I/61AhtKbRiVL._AC_US600_.jpg,Micoson Mini Skirt with Shorts Micro Skorts for Woman Cute Cotton Linen Y2k Short Skirts Trendy Club Outfits Streetwear,https://www.amazon.com/dp/B0FX3MBJT2,Women's Novelty Skirts,526,52%,12.99
B0FJC9N32Y,https://m.media-amazon.com/images/I/61WJpMoK7AL._AC_US600_.jpg,"M MOOHAM Valentines Day Gifts - Heart Initial Necklace for Women Girls, 14K Gold Plated Letter A-Z Pendant Necklace Dainty Heart Necklaces Tiny Initial Necklaces Birthday Gifts for Women Jewelry",https://www.amazon.com/dp/B0FJC9N32Y,Women's Pendant Necklaces,526,58%,14.99
B0FPQ7MSJG,https://m.media-amazon.com/images/I/61hTb1XjVqL._AC_US600_.jpg,"iF YOU 6pcs Chunky Acrylic Bangle Bracelets for Women, Resin Bamboo Brown Stretchy Bracelet Stack, Fashion Jewelry for Women",https://www.amazon.com/dp/B0FPQ7MSJG,Women's Stretch Bracelets,526,50%,12.99
B0FV8VLN9T,https://m.media-amazon.com/images/I/810XofUvVvL._AC_US600_.jpg,"Aidenn 18G Horseshoe Nose Rings for Women, 6-8mm Horseshoe Piercing Jewelry Set Gold & Silver, Double Gem Horse Shoe Nose Rings Hoops Surgical Steel Cartilage Helix Tragus Earring Labret Lip With Tool",https://www.amazon.com/dp/B0FV8VLN9T,Women's Body Piercing Barbells,526,55%,12.99
B0FQC7T76L,https://m.media-amazon.com/images/I/71HSdmckw3L._AC_US600_.jpg,Women Y2k Monkey Pajamas Set Button Down Sleepwear Loungewear Pjs for Jammies Party Christmas Thanksgiving Gift,https://www.amazon.com/dp/B0FQC7T76L,Women's Pajama Sets,526,45%,19.99
B0FNMYGY14,https://m.media-amazon.com/images/I/71lm1VWz1NL._AC_US600_.jpg,"Unisex LED Light Beanie, USB Rechargeable Hands-Free Headlamp Hat, Winter for Family, Men, Dad and Father",https://www.amazon.com/dp/B0FNMYGY14,Men's Skullies & Beanies,525,21%,6.99
B0FHWJMMC7,https://m.media-amazon.com/images/I/61kenScQzeL._AC_US600_.jpg,ZOORON Slippers for Women Fuzzy Slippers Warm Cozy Soft Memory Foam House Shoes with Anti-Skid Sole for Indoor and Outdoor,https://www.amazon.com/dp/B0FHWJMMC7,Women's Slippers,525,47%,8.99
B0FN6KQ13X,https://m.media-amazon.com/images/I/71YCwBJHMiL._AC_US600_.jpg,"Luoycxy Credit Card Holder for Women,Small Rfid Wallet with Keychain Zipper,Cute PU Leather Card Case Wallet，Accordion Credit Card Wallets Gift,Colorful Paw Prints",https://www.amazon.com/dp/B0FN6KQ13X,Women's Card Cases,525,41%,7.99
B0FNN8SLDH,https://m.media-amazon.com/images/I/71Ak8FahlqL._AC_US600_.jpg,Irisbear Womens Cute Crew Socks Casual Athletic Aesthetic Cotton Socks for Fall Shoes,https://www.amazon.com/dp/B0FNN8SLDH,Women's Activewear Crew Socks,524,49%,8.99
B0FKZBYR58,https://m.media-amazon.com/images/I/61BL3mtsuOL._AC_US600_.jpg,"LABELLA 80D Super Glossy Pantyhose for Women,Shiny Oil Jazz Tights，Party Tights，S-Queen2",https://www.amazon.com/dp/B0FKZBYR58,Women's Tights,524,53%,12.99
B0F6X7F6G6,https://m.media-amazon.com/images/I/913R8BDr-tL._AC_US600_.jpg,Resinta 4 Pack Toddler Boys Sweatpants Kids Pull On Casual Pants Athletic Joggers with Drawstring Pockets for Boys,https://www.amazon.com/dp/B0F6X7F6G6,Boys' Sweatpants,524,45%,19.99
B0FGV77Z11,https://m.media-amazon.com/images/I/61BJ7I2evhL._AC_US600_.jpg,Artiyoo Princess Ring Fit Women Fashion Gifts 925 Sterling Silver DIY Jewelry,https://www.amazon.com/dp/B0FGV77Z11,Women's Band Rings,524,50%,10.88
B0FJRD3VL3,https://m.media-amazon.com/images/I/719xgP5xspL._AC_US600_.jpg,"Nackiy Cow Slippers for Women & Men, Cute Animal Fuzzy Slides, Soft Cotton Plush Indoor Outdoor Shoes for Bedroom Living Room House",https://www.amazon.com/dp/B0FJRD3VL3,Women's Slippers,524,48%,14.99
B0FSY7V9TP,https://m.media-amazon.com/images/I/7199DCZuoKL._AC_US600_.jpg,S925 Silver Butterfly Initial Letter Charms Fit for Pandora Charms Bracelets and Necklace Alphabet Bead Charms Jewelry Gifts for Women,https://www.amazon.com/dp/B0FSY7V9TP,Women's Bead Charms,524,55%,9.99
B0FLDY2288,https://m.media-amazon.com/images/I/71pmJE+7GYL._AC_US600_.jpg,Haloumoning Family Christmas Pajamas Matching Sets Xmas PJs Sets Holiday Jammies Sleepwear,https://www.amazon.com/dp/B0FLDY2288,Men's Pajama Sets,524,30%,14.99
B0FK4WTM4Q,https://m.media-amazon.com/images/I/71LOdcGlEyL._AC_US600_.jpg,MUYAN Gold and Silver Boho Hammered Dangling Earrings for Women Modern Statement Finish Dangle Drop Earrings Jewelry,https://www.amazon.com/dp/B0FK4WTM4Q,Women's Drop & Dangle Earrings,524,56%,13.99
B0FRYVM41L,https://m.media-amazon.com/images/I/81xwDt2J3LL._AC_US600_.jpg,Christmas Onesie Pajamas Family Vacation Novelty One-piece Hooded Matching PJs Allover Pattern Sleepwear Nightwear,https://www.amazon.com/dp/B0FRYVM41L,Women's Novelty One-Piece Pajamas,524,18%,9.99
B0FL175GZM,https://m.media-amazon.com/images/I/71FXyYlkbgL._AC_US600_.jpg,FreeLu Girls Cotton Pullover Sweatshirts Kids Cute Cartoon Printed Crewneck Tops,https://www.amazon.com/dp/B0FL175GZM,Boys' Novelty Sweatshirts,524,59%,16.99
B0FMFFXS5J,https://m.media-amazon.com/images/I/51Tzbxa9h8L._AC_US600_.jpg,Clogs for Women Slide Sandals Comfortable Ease of Slip-On Clogs with Arch Support Slip Resistant Clog Sandals Recovery Pillow Slides,https://www.amazon.com/dp/B0FMFFXS5J,Women's Slide Sandals,523,22%,9.99
B0FZL7FCFC,https://m.media-amazon.com/images/I/61ytL7Wp4RL._AC_US600_.jpg,Yoosteel Valentines Day Gifts for Her Women Gold Necklace - Dainty 14K Gold Plated Choker Cubic Zirconia Pendant Station Necklaces for Women Teens Trendy Prom Jewelry Gifts,https://www.amazon.com/dp/B0FZL7FCFC,Women's Choker Necklaces,523,47%,9.99
B0FPF1ZW6D,https://m.media-amazon.com/images/I/61ZNiryqL6L._AC_US600_.jpg,Gold Hand Chain Bracelets for Women Trendy，Dainty Clover Pearl Charm Ring Bracelet Hand Chain 14K Gold Planted Cute Heart Butterfly Flower Stackable Bracelets for Women Non Tarnish Gold Jewelry Gifts,https://www.amazon.com/dp/B0FPF1ZW6D,Women's Link Bracelets,523,52%,8.99
B0FF99K6DG,https://m.media-amazon.com/images/I/51hctRER6CL._AC_US600_.jpg,"Fleece Lined Tights Women, Fake Translucent Thermal Faux leggings Winter Warm Illusion Pantyhose Skin Colored",https://www.amazon.com/dp/B0FF99K6DG,Women's Tights,522,45%,9.99
B0FPQ8SFCT,https://m.media-amazon.com/images/I/51AnqAMAWML._AC_US600_.jpg,"Polar Rabbit No Tie Shoelaces 2 Pairs Elastic Shoe Laces for Kids & Adults, Ideal for Sneakers, Running Shoes, Boots",https://www.amazon.com/dp/B0FPQ8SFCT,Shoelaces,522,28%,4.69
B0FLJVXTPD,https://m.media-amazon.com/images/I/71DoQ7tqWjL._AC_US600_.jpg,Apidgrowth Winter Neck Gaiter Warmer - Face Cover Scarf Windproof Fleece for Men & Women Sport Outdoors Skiing Fishing Hiking,https://www.amazon.com/dp/B0FLJVXTPD,Men's Cold Weather Neck Gaiters,522,36%,5.99
B0DYP16GLL,https://m.media-amazon.com/images/I/61jj5dHKn7L._AC_US600_.jpg,Athlefit Women's Knee High Riding Boots Round Toe Low Heel Tall Boots Pull On Long Booties with Buckle,https://www.amazon.com/dp/B0DYP16GLL,Women's Knee-High Boots,522,43%,19.99
B0FL23H644,https://m.media-amazon.com/images/I/51qwOh5aKEL._AC_US600_.jpg,"Tifeson Christmas Stocking Stuffers Gifts for Boys, Basketball Bracelet for Son Grandson Team Players Fan Adjustable Inspirational Beaded Bracelet for Birthday Christmas Gifts",https://www.amazon.com/dp/B0FL23H644,Boys' Bracelets,522,45%,6.99
B0FV8CC6DC,https://m.media-amazon.com/images/I/51tMcukD5SL._AC_US600_.jpg,"Turandoss Small Gold Hoop Earrings for Women Trendy - 14K Gold Plated Beaded Hoops Hypoallergenic Huggie Cubic Zirconia Earrings, Dainty Hoops Earring Set for Multiple Piercing",https://www.amazon.com/dp/B0FV8CC6DC,Women's Hoop Earrings,521,48%,9.99
B0FGPDRV4D,https://m.media-amazon.com/images/I/71u0TFL5QJL._AC_US600_.jpg,"Tenflyer 2 Pairs Cute Cat Socks with Balls, Women's Cat Socks, 3D Novelty Cotton Funny Animal Crew Sock for Women Cats Lovers Gift",https://www.amazon.com/dp/B0FGPDRV4D,Women's Novelty Socks,521,39%,9.46
B0FN4B92PZ,https://m.media-amazon.com/images/I/81DpspKQhKL._AC_US600_.jpg,IceUnicorn Kids Slippers Girls Boys Fuzzy House Shoes Warm Memory Foam Slippers Bedroom Slides for Indoor Outdoor,https://www.amazon.com/dp/B0FN4B92PZ,Girls' Slippers,521,56%,19.99
B0F9FTDNBS,https://m.media-amazon.com/images/I/61XynKoBHDL._AC_US600_.jpg,"Aprilswan Arm Sleeves, UV Sun Protection Sports Non Slip Compression Cover for Men/Women",https://www.amazon.com/dp/B0F9FTDNBS,Men's Compression Arm Sleeves,521,50%,8.99
B0FCD6ZRV9,https://m.media-amazon.com/images/I/71p5FWjy+CL._AC_US600_.jpg,Newborn Baby Boy Clothes Boy Outfit Infant Romper Winter Fall Long Sleeves Pants Set Hat 3PC,https://www.amazon.com/dp/B0FCD6ZRV9,Baby Boys' Pants Sets,521,55%,14.99
B0F8MWYMN1,https://m.media-amazon.com/images/I/71v-BVm9sIL._AC_US600_.jpg,"GDTOGRT Newborn Baby Girl Clothes Outfit Set Sweet Ruffle Romper, Pants and Headband 0 3 6 9 12 18 Months Infant Clothing",https://www.amazon.com/dp/B0F8MWYMN1,Baby Girls' Pant Sets,521,47%,14.99
B0FV89Q7NM,https://m.media-amazon.com/images/I/71KafZlCUIL._AC_US600_.jpg,9 Inch Men Swim Trunks with Breathable Mesh Lining Quick Dry Pockets for Pool Board Beach Cruise,https://www.amazon.com/dp/B0FV89Q7NM,Men's Swim Trunks,521,53%,14.99
B0FSXJMFNJ,https://m.media-amazon.com/images/I/81rLiCKp0iL._AC_US600_.jpg,Gnbaoya 16G 18G 20G Flat Back Stud Earrings 316L Surgical Steel Internal Thread CZ Nose Ring Stud Tragus Helix Cartilage Conch Nose Hypoallergenic Lip Monroe Labret Medusa Piercing Jewelry for Women,https://www.amazon.com/dp/B0FSXJMFNJ,Women's Body Piercing Screws,520,55%,9.99
B0FGJ8QSC2,https://m.media-amazon.com/images/I/71Uyv4IFc-L._AC_US600_.jpg,YITAN Women Adventure Heart Tshirt Cute Graphic Tee Tops,https://www.amazon.com/dp/B0FGJ8QSC2,Women's T-Shirts,520,53%,9.99
B0FHJPD5TM,https://m.media-amazon.com/images/I/81MyTedAHtL._AC_US600_.jpg,Yufawow 2 in 1 Seersucker Men Swim Trunk with Compression Liner 7 Inches Quick Dry Zipper Pockets for Cruise Beach Pool Board,https://www.amazon.com/dp/B0FHJPD5TM,Men's Swim Trunks,520,55%,19.99
B0FFGLZ4X2,https://m.media-amazon.com/images/I/71NOKBTu0SL._AC_US600_.jpg,PLEPAN Men's Cargo Corduroy Pants Wide Leg Loose Fit Casual Pants with Pockets Elastic Waist Drawstring Sweatpants,https://www.amazon.com/dp/B0FFGLZ4X2,Men's Casual Pants,519,36%,14.99
B0FLJL5QCD,"https://m.media-amazon.com/images/I/41b4JdEqNqL._AC_SR600,600_.jpg",spxkd Mens Christmas Funny Patterned Christmas Socks for Adults Cute Fun Novelty Cotton Socks for Men,https://www.amazon.com/dp/B0FLJL5QCD,Men's Ankle Socks,519,41%,9.99
B0FQ1CNQJV,https://m.media-amazon.com/images/I/81kzSWwKsiL._AC_US600_.jpg,"NGVRC Genuine Leather Travel Jewelry Organizer Case with Mirror for Women, Small Mini Portable Jewelry Box for Earring, Ring, Necklace, Bracelet（Cream）",https://www.amazon.com/dp/B0FQ1CNQJV,Jewelry Boxes,519,57%,17.99
B0G49TCY5Z,https://m.media-amazon.com/images/I/51fwliGehxL._AC_US600_.jpg,Quietsun 67 6 7 Meme Six Seven Valentines Day Gifts for Him Men Boy Kids Necklace Teenage Teen Boys Gift Ideas 10 11 12 13 Year Old Birthday Young Funny Easter Basket Stuffers Christmas Stocking,https://www.amazon.com/dp/B0G49TCY5Z,Boys' Necklaces,519,54%,12.99
B0FTS2P4TY,https://m.media-amazon.com/images/I/7108XgXN2gL._AC_US600_.jpg,"MIOTAN Women's High Waisted Underwear, Ladies Panties with Lace, Comfortable Briefs, 4 Pack",https://www.amazon.com/dp/B0FTS2P4TY,Women's Shapewear Control Panties,519,47%,18.99
B0FSCJK3R9,https://m.media-amazon.com/images/I/61DwiFL2Y4L._AC_US600_.jpg,"Balaclava Ski Mask for Men Women, Warm Fleece Face Mask Full Cover for Cold Weather Skiing Cycling, Ponytail Friendly",https://www.amazon.com/dp/B0FSCJK3R9,Women's Balaclavas,519,46%,7.99
B0FDGVGG4W,https://m.media-amazon.com/images/I/51jEYOpceZL._AC_US600_.jpg,MIANZHI Girls High Waisted Pants Girls Casual Pants Kids Wide Leg Long Trousers with Pockets 5-14 Years,https://www.amazon.com/dp/B0FDGVGG4W,Girls' Pants & Capris,518,45%,17.99
B0FHJ1TX1Z,https://m.media-amazon.com/images/I/81UvoxHgbmL._AC_US600_.jpg,House Slippers for Women Men Lightweight Memory Foam House Shoes Warm Closed Back Slippers with Soft Fleece for Indoor Outdoor,https://www.amazon.com/dp/B0FHJ1TX1Z,Women's Slippers,518,36%,12.99
B0G1MNSWD2,https://m.media-amazon.com/images/I/71xzmuCBH-L._AC_US600_.jpg,LeIsfIt Toddler Walking Shoes Boys Girls Slip-On Barefoot Shoes Kids Breathable Sneakers Non-Slip Lightweight Tennis Shoe,https://www.amazon.com/dp/B0G1MNSWD2,Boys' Walking Shoes,518,52%,14.99
B0F9KYNNP3,https://m.media-amazon.com/images/I/71JpDwM9w5L._AC_US600_.jpg,"2 Pcs LED Shoe Lights with 3 Light Modes, Waterproof IPX5, Aluminum Alloy Construction, Perfect for Night Running, Walking, Hiking and Camping Gear Essentials",https://www.amazon.com/dp/B0F9KYNNP3,Shoe Decoration Charms,517,46%,11.99
B0FKT5XJQB,https://m.media-amazon.com/images/I/61eu5emk02L._AC_US600_.jpg,"JWIGP Granddaughter Book Necklace, For Granddaughters - The Most Beautiful Chapter Books Adjustable Silver Gold Book Pendant with 6 Pages Engraved Information Jewelry Gifts from Grandma",https://www.amazon.com/dp/B0FKT5XJQB,Women's Pendant Necklaces,517,60%,15.99
B0FNWYVKX5,https://m.media-amazon.com/images/I/71-PXdGipML._AC_US600_.jpg,Fivali Balaclava Ski Mask Winter: Thermal Windproof Full Face Cover Fleece Lined Hood Hat for Skiing Cycling Hiking Men Women,https://www.amazon.com/dp/B0FNWYVKX5,Women's Balaclavas,517,40%,19.99
B0FSCZXV96,https://m.media-amazon.com/images/I/51ED82NxnXL._AC_US600_.jpg,FIBO STEEL 14K Gold Plated Stackable Rings for Women Non Tarnish - Dainty Rings Cubic Zirconia Thin Ring Set Minimalist Thumb Stacking Ring Size 5-11,https://www.amazon.com/dp/B0FSCZXV96,Women's Band Rings,517,50%,6.99
B0FRSGDTKH,https://m.media-amazon.com/images/I/81DRlsNcX1L._AC_US600_.jpg,Tikeiuo Winter Touch Screen Gloves for Women & Men Warm Thick Fleece Lined Knit Gloves with Elastic Cuff for Cold Weather,https://www.amazon.com/dp/B0FRSGDTKH,Women's Cold Weather Gloves,517,53%,9.99
B0FJKPBVKP,https://m.media-amazon.com/images/I/71Sv+K39B-L._AC_US600_.jpg,"Wang Damai Women's Orthopedic Walking Shoes,Woven Breathable Orthowalkway Womens Sneakers,Lightweight Non-Slip Arch Support Slip on Shoes",https://www.amazon.com/dp/B0FJKPBVKP,Women's Walking Shoes,517,49%,19.69
B0FFRK4FDY,https://m.media-amazon.com/images/I/31+XGG7Ut7L._AC_US600_.jpg,Fezodo Gold Initial Bracelets for Women Girls - 18K Gold Plated A-Z Initial Bracelet Dainty Knot Bracelet Gold Bracelets for Women Teen Girl Gifts Trendy Stuff,https://www.amazon.com/dp/B0FFRK4FDY,Girls' Charm Bracelets,517,30%,4.99
B0FGD7GBTN,https://m.media-amazon.com/images/I/71UFpamI0SL._AC_US600_.jpg,J-pone Underwear Women Pack High Waisted Bikini Panties Womens Underwear Cheeky Breathable Hipster Panties MultiPack,https://www.amazon.com/dp/B0FGD7GBTN,Women's Bikini Panties,516,42%,11.99
B0FXGL27MC,https://m.media-amazon.com/images/I/61eBAUXrmCL._AC_US600_.jpg,VZV 2T-5T Toddler Thermal Set for Boys Thermal Underwear for Kids Fleece Lined Toddler Base Layer Long Johns for Kids Boys,https://www.amazon.com/dp/B0FXGL27MC,Boys' Thermal Underwear Sets,516,54%,17.99
B0G44WT7C1,https://m.media-amazon.com/images/I/71Hets5ul5L._AC_US600_.jpg,BRABIC Upper Arm Shaper for Women Fajas Post Surgery Compression Sleeves Front Closure Bra Arm Lipo Shapewear Tops,https://www.amazon.com/dp/B0G44WT7C1,Women's Shapewear Tops,516,56%,14.99
B0FF9C2CBY,https://m.media-amazon.com/images/I/51UBVnrqdXL._AC_US600_.jpg,YSYOKOW Womens Elastic High Waisted Wide Leg Pants Loose Casual Long Palazzo Trousers with Button Decor and Pockets,https://www.amazon.com/dp/B0FF9C2CBY,Women's Casual Pants & Capris,516,43%,13.99
B0FG32ZF1K,https://m.media-amazon.com/images/I/61-+aXn3O9L._AC_US600_.jpg,"EoBeKee Boys Thermal Pants, Kids Football Fleece Lined Leggings, Youth Compression Base Layer for Sports Baseball Hockey",https://www.amazon.com/dp/B0FG32ZF1K,Boys' Compression Pants,516,30%,7.98
B0FF8Z29WN,https://m.media-amazon.com/images/I/51hctRER6CL._AC_US600_.jpg,"ARMOROSE Fleece Lined Tights Women, Fake Translucent Thermal Faux leggings Winter Warm Illusion Pantyhose Skin Colored",https://www.amazon.com/dp/B0FF8Z29WN,Women's Tights,515,33%,9.99
B0FNRM9F2R,https://m.media-amazon.com/images/I/71qtq4UHNFL._AC_US600_.jpg,"Tikeiuo Winter Headbands for Women Ear Warmer Knitted Thick Fleece Lined Headbands for Cold Weather Gift (Black, One Size)",https://www.amazon.com/dp/B0FNRM9F2R,Women's Cold Weather Headbands,515,39%,6.59
B0FC26TW8Y,https://m.media-amazon.com/images/I/71iZo2oorGL._AC_US600_.jpg,Comfoex 10 Pairs Girls Crew Long Athletic Socks for 4-6 6-8 8-10 Years Old Kids Calf Sports Cotton Socks Half Cushioned,https://www.amazon.com/dp/B0FC26TW8Y,Girls' Crew Socks,515,38%,14.99
B0FN7WCSDK,https://m.media-amazon.com/images/I/71Wk8EpX0pL._AC_US600_.jpg,FEQO Toddler Girl Flare Pants Baby Girl Cotton Leggings Bell Bottoms Size 18M-5T,https://www.amazon.com/dp/B0FN7WCSDK,Baby Girls' Pants,515,47%,18.99
B0FNMVW3L7,https://m.media-amazon.com/images/I/71PhcpZj5+L._AC_US600_.jpg,AYIFU Womens Wireless Bras Comfortable V Mesh Full Coverage Seamless Bralette Supportive No Underwire Tshirt Everyday Bra,https://www.amazon.com/dp/B0FNMVW3L7,Everyday Bras,515,48%,14.99
B0FPFVC11J,https://m.media-amazon.com/images/I/61E4E-IrriL._AC_US600_.jpg,YINANLIN Initial Letter Keychain Cute Keychain Butterfly Pink Sequins Alphabet Resin Name Tassel Keychain for Valentines Gift,https://www.amazon.com/dp/B0FPFVC11J,Women's Keyrings & Keychains,515,19%,3.99
B0FF4RNF6D,https://m.media-amazon.com/images/I/61bHZrHMTvL._AC_US600_.jpg,E E EMPTY ENTIRE Women's Fuzzy House Slippers with Memory Foam Warm Plush Slipper for Indoor and Outdoor,https://www.amazon.com/dp/B0FF4RNF6D,Women's Slippers,515,52%,15.99
B0FSDTC5K2,https://m.media-amazon.com/images/I/71khxQWNU0L._AC_US600_.jpg,"XYIYI Knot Chemo Headwear for Womens Cancer Patients, Stretchy Chemotherapy Headwraps Beanie Hats",https://www.amazon.com/dp/B0FSDTC5K2,Women's Skullies & Beanies,514,57%,14.99
B0FDFZPVPK,https://m.media-amazon.com/images/I/71lkBXVPPOL._AC_US600_.jpg,Mixxmix Women Lingerie Set Naughty Lace Bodysuit Underwire Babydoll with Garter Corset rave outfits,https://www.amazon.com/dp/B0FDFZPVPK,Women's Exotic Lingerie Sets,514,52%,17.99
B0FHH2V8LR,https://m.media-amazon.com/images/I/81XZJUo7C5L._AC_US600_.jpg,"9 Pairs Gold Hoop Earrings for Women Trendy, Thick Twisted Gold Earrings Lightweight, Chunky Hoop Earring Set Jewelry for Gifts",https://www.amazon.com/dp/B0FHH2V8LR,Women's Hoop Earrings,513,32%,6.99
B0FR8FLMLG,https://m.media-amazon.com/images/I/716503O90JL._AC_US600_.jpg,PRETTYGARDEN Womens Tank Tops 2026 Spring Casual Sleeveless Fitted Scoop Neck Basic Slim Cute Top Summer Shirt Beach Clothes,https://www.amazon.com/dp/B0FR8FLMLG,Women's Tanks & Camis,513,57%,14.99
B0FWBW56CD,https://m.media-amazon.com/images/I/51keWn91pxL._AC_US600_.jpg,FUNEIA Birthstone Gold Beaded Bracelets for Women Non Tarnish Trendy Dainty 14K Gold Plated Cute Stackable Bead Stretch Friendship Bracelet Stack for Best Friend Couples Birthday Gifts Jewelry,https://www.amazon.com/dp/B0FWBW56CD,Women's Stretch Bracelets,513,55%,9.99
B0FH68CXB6,https://m.media-amazon.com/images/I/717Z6cvA0oL._AC_US600_.jpg,Small Cartilage Double/Triple-Hoop Helix Conch Piercing Earrings With Cubic Zirconia For Women Trendy 14K Gold Plated Titanium Surgical Stainless Steel Sets Nose Rings Hoops Septum Rings,https://www.amazon.com/dp/B0FH68CXB6,Women's Hoop Earrings,513,47%,7.45
B0FL6XXRG9,https://m.media-amazon.com/images/I/61jfDFkG64L._AC_US600_.jpg,RoseSeek Women's Low Rise Booty Shorts Y2k Skinny Micro Mini Shorts Summer Hot Pants,https://www.amazon.com/dp/B0FL6XXRG9,Women's Casual Shorts,513,52%,15.99
B0FRXB73B4,https://m.media-amazon.com/images/I/71+2Fh3lQDL._AC_US600_.jpg,Gleeease 5inch Mens Swim Trunks: 2-in-1 with Compression Liner Lined Soft Stretch Quick Dry Solid Pockets Funny Drawstring,https://www.amazon.com/dp/B0FRXB73B4,Men's Swim Trunks,513,58%,16.99
B0FJRXT3R5,https://m.media-amazon.com/images/I/81uhLWRag9L._AC_US600_.jpg,Jeasona Coquette Romantic Love Heart Fuzzy Socks for Kids Christmas Valentines Day Birthday Gifts for Girls Daughter,https://www.amazon.com/dp/B0FJRXT3R5,Women's Novelty Socks,512,38%,14.99
B0FWKGSYQC,https://m.media-amazon.com/images/I/71L+TEd+d2L._AC_US600_.jpg,"netdraw Women's Bamboo Viscose Nursing Sleep Bra, Ultra Soft Crossover Wire-Free Lounge Maternity Bralette",https://www.amazon.com/dp/B0FWKGSYQC,Maternity Nursing & Maternity Bras,512,80%,13.49
B0FMWWWW4P,https://m.media-amazon.com/images/I/71iw+xvnrzL._AC_US600_.jpg,"QDN Underwire Full Coverage Bra – Supportive, Comfortable Push Up Bra for Back Fat and Side Smoothing",https://www.amazon.com/dp/B0FMWWWW4P,Everyday Bras,512,41%,13.99
B0FJDSXFZQ,https://m.media-amazon.com/images/I/71iqfYBlIZL._AC_US600_.jpg,Womens V-Neck T-Shirt Flower Graphic Tees Summer Fashion Boho Tops Tshirts Loose Casual Wildflower Beach T Shirts,https://www.amazon.com/dp/B0FJDSXFZQ,Women's T-Shirts,512,56%,14.99
B0FB31KBZ9,https://m.media-amazon.com/images/I/81kfpUoWJKL._AC_US600_.jpg,REDESS Winter Gloves for Women Thermal Warm Knit Fleece Lined Touchscreen Texting Gloves for Cold weather,https://www.amazon.com/dp/B0FB31KBZ9,Women's Cold Weather Gloves,511,50%,8.99
B0F8QS8R27,https://m.media-amazon.com/images/I/61gjziG7OVL._AC_US600_.jpg,HONGTEYA 2PCS Boys Christmas Pants with Pockets Soft Long Loose Bottom Indoor Outdoor Xmas Holiday Trousers 8-16 Years,https://www.amazon.com/dp/B0F8QS8R27,Boys' Pajama Bottoms,511,44%,16.99
B0FKG51JZG,https://m.media-amazon.com/images/I/610B4Z1R8WL._AC_US600_.jpg,ALEXCRAFT 925 Sterling Silver Dangle Earrings for Women Trendy Geometric Dangle Earrings 14K Gold Plated Hypoallergenic Leverback Bar Drop Earring Fashion for Jewelry Gifts,https://www.amazon.com/dp/B0FKG51JZG,Women's Drop & Dangle Earrings,511,55%,13.39
B0FCD3QBFQ,https://m.media-amazon.com/images/I/61pRm01SaKL._AC_US600_.jpg,TrekChic Women's Hiking Pants with Pockets Water Resistant Lightweight Quick Dry Cargo Pants for Travel Outdoor,https://www.amazon.com/dp/B0FCD3QBFQ,Women's Hiking Pants,511,53%,16.99
B0FP1LRDPG,https://m.media-amazon.com/images/I/21PshVP-x4L._AC_US600_.jpg,"Turandoss Cross Initial Bracelets for Women - Virgin Mary Cross Bracelet Stack, Dainty 14K-Gold-Plated Disc Letter A-Z Initial Bracelet Christian Baptism Gift for Women Jewelry",https://www.amazon.com/dp/B0FP1LRDPG,Women's Link Bracelets,511,55%,12.99
B0FPL8M3XQ,https://m.media-amazon.com/images/I/61RMpIbx6YL._AC_US600_.jpg,One-Piece-Design Kids Balaclava Ski Mask Fleece Winter Full Face Head Cover for Boys Girls-Cold Weather Ski Outdoor Windproof,https://www.amazon.com/dp/B0FPL8M3XQ,Girls' Cold Weather Neck Gaiters,510,46%,7.95
B0FDB19TN6,https://m.media-amazon.com/images/I/81V-r+xB1RL._AC_US600_.jpg,Metog Women's House Slippers Fluffy Soft Warm Slip On Bedroom Shoes Anti-Skid Cozy Plush for Indoor Outdoor,https://www.amazon.com/dp/B0FDB19TN6,Women's Slippers,510,38%,9.99
B0FBW69H7B,https://m.media-amazon.com/images/I/61xfjVIWdjL._AC_US600_.jpg,Blue Breath Fleece Lined Leggings Women-Tummy Control High Waisted Workout Thermal Warm Soft Yoga Pants,https://www.amazon.com/dp/B0FBW69H7B,Women's Leggings,510,46%,18.55
B0FS133S3G,https://m.media-amazon.com/images/I/51VcPl+QWsL._AC_US600_.jpg,V Neck Merry Christmas Shirts for Women Xmas Tree Graphic T-Shirts Winter Bright Indoor Basic Tops New Year Festival Tee,https://www.amazon.com/dp/B0FS133S3G,Women's T-Shirts,510,51%,9.99
B0F8479KMH,https://m.media-amazon.com/images/I/819syCUjmkL._AC_US600_.jpg,"Kookoomia 6 Set Compression Packing Cubes for Travel, Lightweight and Space-Saving Luggage Organizer Bags, Sturdy Travel Essentials for Suitcase, Black",https://www.amazon.com/dp/B0F8479KMH,Travel Packing Organizers,510,20%,15.99
B0FP8D4278,https://m.media-amazon.com/images/I/81MhbapTwlL._AC_US600_.jpg,"LONGLONG Warm Comfort Beanie Hats for Men & Women - Helmet Liner,Winter Soft Cycling Cap,Lightweight Warm Skull Cap",https://www.amazon.com/dp/B0FP8D4278,Women's Cycling Caps,510,53%,12.99
B0G1BDQSCF,https://m.media-amazon.com/images/I/61xPTKRqZmL._AC_US600_.jpg,Lepunuo Maxi Skirts for Women Smocked Elastic High Waisted Casual Boho Swing Pleated Beach Long Skirts with Pockets,https://www.amazon.com/dp/B0G1BDQSCF,Women's Weekend Skirts,510,60%,17.99
B0FZT5STZP,https://m.media-amazon.com/images/I/81p6lV+jDCL._AC_US600_.jpg,"DZSoCoki Grip Socks Pilates,4/6Pairs Cotton Cute Pilates Socks for Women, Ruffle Grippy Sock for Yoga Barre Hospital 5-10in",https://www.amazon.com/dp/B0FZT5STZP,Women's Yoga Socks,509,47%,14.99
B0FK5HCM5D,https://m.media-amazon.com/images/I/81AGarDiM4L._AC_US600_.jpg,"Josnown Thermal Wool Socks Mens 5 Pairs Thick Warm Winter Soft Cozy Hiking Boot Socks for Cold Weather, Size 7-12",https://www.amazon.com/dp/B0FK5HCM5D,Men's Hiking Socks,509,22%,11.99
B0FNWK48WK,https://m.media-amazon.com/images/I/81P5BPH72HL._AC_US600_.jpg,ZAKASA Fuzzy Socks with Grips for Women: Plush Winter Warm Soft Cozy Fluffy Slipper Socks House Indoor,https://www.amazon.com/dp/B0FNWK48WK,Women's Slipper Socks,509,12%,7.98
B0FNR69DQ1,https://m.media-amazon.com/images/I/81eJSRi1ruL._AC_US600_.jpg,Daisy Bras for Women No Underwire Adjustable Bra Comfort Wireless Bra 2025,https://www.amazon.com/dp/B0FNR69DQ1,Everyday Bras,509,57%,19.99
B0G34LVXVG,https://m.media-amazon.com/images/I/71jWpFrOK2L._AC_US600_.jpg,JMIERR Men's Casual Shorts 7.5 Inch Cable Knit Drawstring Elastic Waist Summer Beach Sweat Shorts for Lounge & Vacation,https://www.amazon.com/dp/B0G34LVXVG,Men's Flat Front Shorts,509,46%,15.99
B0FL7LPWDZ,https://m.media-amazon.com/images/I/71peyGmULJL._AC_US600_.jpg,ONLYSHE Women's Tops With Long Sleeves Fall Blouses Loose Fit Dressy Casual Tunic,https://www.amazon.com/dp/B0FL7LPWDZ,Women's Tunics,509,51%,16.99
B0FMDXWRPJ,https://m.media-amazon.com/images/I/51jQcAOz5gL._AC_US600_.jpg,Blueleaf Boy's Compression Leggings Youth Athletic Tights Basketball Baseball Football Pants Quick Dry Sports Base Layer,https://www.amazon.com/dp/B0FMDXWRPJ,Boys' Compression Pants,509,53%,9.99
B0FL29LNCP,https://m.media-amazon.com/images/I/51X7-ZULSqL._AC_US600_.jpg,Moozava Mens Compression Pants Running Leggings Spandex Gym Workout Tights Athletic Sport Base Layer Cycling Football Soccer,https://www.amazon.com/dp/B0FL29LNCP,Men's Compression Pants,509,38%,9.99
B0FX1TD8TX,https://m.media-amazon.com/images/I/A19X3vZKO7L._AC_US600_.jpg,"Dainty Silver Necklace for Women - Ankh Jesus Horse Celtic Cross Necklace for Women, Dainty Charm Spider Christian Gifts for Friends Sister Mom, Birthday, Christmas, Mother's Day, Graduation Gifts",https://www.amazon.com/dp/B0FX1TD8TX,Women's Pendant Necklaces,509,55%,9.98
B0FJYGW4DN,https://m.media-amazon.com/images/I/81kPC6qT+XL._AC_US600_.jpg,"Candsliky Slouch Socks for Women - Thigh High Boot Style, Soft Chunky Knit Scrunch, Extra Long Winter Knee High Length",https://www.amazon.com/dp/B0FJYGW4DN,Women's Crew Socks,508,32%,12.99
B0FB3P2J8D,https://m.media-amazon.com/images/I/812qoqbS72L._AC_US600_.jpg,Football Shirts Women Football Team Fan Shirt Game Day Tshirt Rugby Outfits Gifts Tops,https://www.amazon.com/dp/B0FB3P2J8D,Women's T-Shirts,508,43%,9.99
B0FN7ZRM61,https://m.media-amazon.com/images/I/71rVVdxeX3L._AC_US600_.jpg,"VTAIGE Kids Watch, Cute 3D Cartoon Toddler Watches, Waterproof Analog Learning-to-Tell-Time Watch with Soft Silicone Band – Fun Educational Gift for Boys & Girls Ages 3-8",https://www.amazon.com/dp/B0FN7ZRM61,Girls' Wrist Watches,508,56%,9.99
B0FFMYM6MC,https://m.media-amazon.com/images/I/814GNo6g0vL._AC_US600_.jpg,KUTTOR 3 Pack Satin Lined Winter Beanie Hats for Men Women Silk Lined Beanies Soft Knit Warm Slouchy Cuffed Winter Hat,https://www.amazon.com/dp/B0FFMYM6MC,Women's Skullies & Beanies,508,11%,7.99
B0FH2J4GHR,https://m.media-amazon.com/images/I/61kLdl0GOAL._AC_US600_.jpg,Toddler Baby Boy Clothes Fall Winter Outfits 1st 2nd 3rd Birthday Boy Outfit Sweatshirt Sweat Pants Set Sweatsuit,https://www.amazon.com/dp/B0FH2J4GHR,Boys' Novelty Clothing Sets,508,56%,14.99
B0FM3GRK13,https://m.media-amazon.com/images/I/61Dh0ccpyJL._AC_US600_.jpg,ISEEGZ Women's Hiking Pants Fleece Lined High Waisted Thermal Flare Leggings for Women 6 Pockets Outdoor Travel Casual,https://www.amazon.com/dp/B0FM3GRK13,Women's Hiking Pants,508,35%,13.99
B0FVX6TY8X,https://m.media-amazon.com/images/I/61jOYmK7PSL._AC_US600_.jpg,Runcati Mens Sleeveless Tank Tops Workout Muscle Gym Ribbed Shirt Athletic Bodybuilding Moisture Wicking T Shirts,https://www.amazon.com/dp/B0FVX6TY8X,Men's Activewear Tank Tops,508,49%,11.99
B0G1BGZ1QT,https://m.media-amazon.com/images/I/61zn5351rsL._AC_US600_.jpg,KELAIEN Birthstone Gold Clover Bracelet Dainty 14K Gold Plated Cute Friendship Stackable Bracelets for Women No Tarnish Trendy Charm Best Friend Bracelet Stack for Birthday Jewelry,https://www.amazon.com/dp/B0G1BGZ1QT,Women's Link Bracelets,507,56%,9.99
B0FHHJYVTT,https://m.media-amazon.com/images/I/71HIIEVC-SL._AC_US600_.jpg,UAMOEI Kids Scarf for Girls Scarf Toddler Boys Scarves Knit Winter Scarves Fashion Neck Warmer Kids Neck Warmers Boy,https://www.amazon.com/dp/B0FHHJYVTT,Girls' Cold Weather Scarves & Wraps,507,47%,14.99
B0FCCZWY7P,https://m.media-amazon.com/images/I/71OgMLf07wL._AC_US600_.jpg,"MNKXL Plus Size Santa Claus Costume for Adult,5PCS Santa Suit Adults Men,Christmas Party Santa Costume Cosplay Santa Outfit",https://www.amazon.com/dp/B0FCCZWY7P,Men's Costumes,506,34%,17.99
B0FFGRPLQG,https://m.media-amazon.com/images/I/71rPOOfPbZL._AC_US600_.jpg,"Bluetooth Beanie Hat with Headphones, HD Stereo Sound and Built-in Mic, Unique Tech Gifts for Men Women Teen Black",https://www.amazon.com/dp/B0FFGRPLQG,Women's Skullies & Beanies,506,38%,8.99
B0FMJJJ9FV,https://m.media-amazon.com/images/I/712F+LfjbWL._AC_US600_.jpg,Cariniss Mullet Wig for Women Shoulder Length Synthetic Cosplay Wig 80s Wigs Halloween Cosplay Daily Hair Wigs (Light Brown),https://www.amazon.com/dp/B0FMJJJ9FV,Women's Costume Wigs,506,42%,9.99
B0F3XMCX6Y,https://m.media-amazon.com/images/I/81W+MeA5XyL._AC_US600_.jpg,Resinta 4 Packs Toddler and Baby Girls Cotton Leggings Full Length Pants Stretchy Soft Tights Pants for Kids,https://www.amazon.com/dp/B0F3XMCX6Y,Baby Girls' Leggings,506,35%,12.99
B0FL2F1L2T,https://m.media-amazon.com/images/I/619TPUJShVL._AC_US600_.jpg,Poekuao Boys Thermal Compression Pants Youth Fleece Lined Sports Base Layer Leggings Kids Athletic Tights Cold Weather Gear,https://www.amazon.com/dp/B0FL2F1L2T,Boys' Thermal Underwear Bottoms,506,51%,9.99
B0FN41P6J5,https://m.media-amazon.com/images/I/71rpHQgvRQL._AC_US600_.jpg,Wandx Winter Balaclava Ski Mask for Kids Windproof Ski Face Neck Warmer for Cold Weather Winter Outdoor Sports,https://www.amazon.com/dp/B0FN41P6J5,Girls' Cold Weather Neck Gaiters,506,50%,8.99
B0FQMHWPGT,https://m.media-amazon.com/images/I/81Gq8m5uwzL._AC_US600_.jpg,"YANIKY Kids Winter Gloves Boys Girls,Anti-Slip Touchscreen Thermal Gloves for Running Cycling Outdoor Activities,Ages 4-12",https://www.amazon.com/dp/B0FQMHWPGT,Boys' Cold Weather Gloves,505,46%,7.99
B0FS75H233,https://m.media-amazon.com/images/I/71eg4SGN5HL._AC_US600_.jpg,"Regenboog Mardi Gras Hawaiian Shirts for Men Women, Christmas Button Up Shirts, Hawaiian Holiday Shirt",https://www.amazon.com/dp/B0FS75H233,Men's Novelty Button-Down Shirts,505,62%,19.99
B0FM8DWNJZ,https://m.media-amazon.com/images/I/91IhhzK8OiL._AC_US600_.jpg,DOSKONI Kids Wool Hiking Socks Boys Girls Merino Wool Socks Thermal Winter Warm Thick Cushion Cozy Boot Crew Socks,https://www.amazon.com/dp/B0FM8DWNJZ,Boys' Hiking Socks,504,38%,11.99
B0FHQR723H,https://m.media-amazon.com/images/I/61AlyU+wgpL._AC_US600_.jpg,"Gxrnydb 2 Pack Server Apron - Waist Half Aprons for Waitress with 3 Pockets, Black Short Serving",https://www.amazon.com/dp/B0FHQR723H,Chef's Aprons,504,34%,5.99
B0FG6JPBV8,https://m.media-amazon.com/images/I/91w92c+N6QL._AC_US600_.jpg,JEMYGINS Mens Paisley Tie and Lapel Pin Necktie Pocket Square and Tie Clip with Sets for Business Casual 4PCS,https://www.amazon.com/dp/B0FG6JPBV8,Men's Tie Sets,504,52%,12.99
B0FCFZD76L,https://m.media-amazon.com/images/I/71CIfifm-SL._AC_US600_.jpg,Witsmile Cardigan Sweaters for Women Lightweight Cardigan for Women Open Front Outwear with Pockets Casual Cover Ups,https://www.amazon.com/dp/B0FCFZD76L,Women's Cardigans,504,25%,9.99
B0G3DZ7RZ2,https://m.media-amazon.com/images/I/61jvxTjuLLL._AC_US600_.jpg,THUNARAZ 14K Gold Plated Rings for Women Non Tarnish Stackable Chunky Rings Cubic Zirconia Thumb Ring Set Dainty Trendy Statement Promise Wedding Bands Engagement Ring for Women Size 6-10,https://www.amazon.com/dp/B0G3DZ7RZ2,Women's Statement Rings,504,57%,13.99
B0FHHJK81M,https://m.media-amazon.com/images/I/81ApjvBjIOL._AC_US600_.jpg,WEVIAS Girls Knee High Socks Kids Long Crazy Fun Silly Gifts Boot Cute Animal Funny Tall Cotton Socks 6 Pairs,https://www.amazon.com/dp/B0FHHJK81M,Girls' Knee-High Socks,503,40%,13.69
B0FNMN4XFQ,https://m.media-amazon.com/images/I/61ggJY+5eBL._AC_US600_.jpg,"Kids Ski Mask Balaclava, Winter Windproof Full Face Mask for Boys Girls Fleece Neck Warmer for Cold Weather Skiing Cycling",https://www.amazon.com/dp/B0FNMN4XFQ,Girls' Cold Weather Neck Gaiters,503,53%,9.99
B0FG6SYPV3,https://m.media-amazon.com/images/I/716LCrBBZIL._AC_US600_.jpg,"Toddler Girl Clothes Girls Fall Winter Outfits, Ruffle Long Sleeved Floral Shirts Top + Bell-Bottoms Flare Pants Set",https://www.amazon.com/dp/B0FG6SYPV3,Girls' Pant Sets,503,39%,11.98
B0FRLZQ6R2,https://m.media-amazon.com/images/I/510Z66QobeL._AC_US600_.jpg,Roxdme Men Thermal Compression Pants Fleece Lined Tights Athletic Heated Leggings Cold Weather Baselayer Winter Gear Pockets,https://www.amazon.com/dp/B0FRLZQ6R2,Men's Compression Pants,503,38%,11.99
B0FXS8KN38,https://m.media-amazon.com/images/I/51SB94O6EZL._AC_US600_.jpg,Valentines Earrings for Women Red Hot Pink Black Bow Earrings Holiday Earring Christmas Jewelry for Women Coquette Ribbon Earring Festival New Years Xmas Jewelry Stocking Stuffers Bow accessories,https://www.amazon.com/dp/B0FXS8KN38,Women's Drop & Dangle Earrings,503,55%,9.99
B0FJ1XYTRS,https://m.media-amazon.com/images/I/81OUqLvPvSL._AC_US600_.jpg,"choshion Wool Beanie for Men Women, Seamless Knit Cuffed Warm Winter Hats Fisherman Beanies Womens Ski Hat Skull Cap Unisex",https://www.amazon.com/dp/B0FJ1XYTRS,Women's Skullies & Beanies,502,62%,14.99
B0FRS1YDVV,https://m.media-amazon.com/images/I/718k3kS8ovL._AC_US600_.jpg,Winter Balaclava Ski Face Mask: Balaclava for Men Women Warm Windproof Face Cover Neck Warmer Hood Hat Cold Weather Skiing,https://www.amazon.com/dp/B0FRS1YDVV,Men's Balaclavas,502,47%,14.99
B0DZCR1374,https://m.media-amazon.com/images/I/61CcExWuOLL._AC_US600_.jpg,"U2SKIIN Womens Striped 100% Cotton Pajama Pants, Soft Lounge Pj Bottoms with Pockets Lightweight",https://www.amazon.com/dp/B0DZCR1374,Women's Pajama Bottoms,502,44%,14.99
B0FP4MHMXF,https://m.media-amazon.com/images/I/61ULpHmUfJL._AC_US600_.jpg,FROLOVER Gold Rings for Women Non Tarnish Dainty 14K Gold Plated Wavy Stackable Gold Ring Set Fashion Chunky Thumb Rings for Women Waterproof Statement Minimalist Cubic Zirconia Jewelry Gift Size 6-10,https://www.amazon.com/dp/B0FP4MHMXF,Women's Statement Rings,502,54%,13.99
B0F2J9LGL7,https://m.media-amazon.com/images/I/61GtUSVysGL._AC_US600_.jpg,Funny Novelty Socks Unisex Unique Asymmetric Left & Right Designs Pattern Gifts for Women Men,https://www.amazon.com/dp/B0F2J9LGL7,Women's Novelty Socks,502,26%,6.99
B0FN2WX6C2,https://m.media-amazon.com/images/I/61lZKDi2wDL._AC_US600_.jpg,IVIR Baggy Sweatpants for Women Y2K Wide Leg High Waist Sweat Track Pants 3 Pockets Flowy Straight Leg Jogger Pants Purple XXL,https://www.amazon.com/dp/B0FN2WX6C2,Women's Track Pants,501,46%,17.99
B0FJS3FN5M,https://m.media-amazon.com/images/I/81yMs5ocSDL._AC_US600_.jpg,Happypop Christmas Socks - Santa Elf Snowman Gingerbread Xmas Gift with Greeting Card,https://www.amazon.com/dp/B0FJS3FN5M,Men's Novelty Socks,501,22%,4.99
B0FHPXTWRK,https://m.media-amazon.com/images/I/71-EqxIaZML._AC_US600_.jpg,Schbbbta Boys Silk Pajamas Button Down Sleepwear Satin Nightwear 2 Pcs Pj Set,https://www.amazon.com/dp/B0FHPXTWRK,Boys' Pajama Sets,501,48%,10.99
B0FG2NKRCV,https://m.media-amazon.com/images/I/71PR--PdbVL._AC_US600_.jpg,"Roadbox Youth Boys' Thermal Compression Pants, Fleece Lind Base Layer Sports Leggings, Athletic Tights for Cold Weather",https://www.amazon.com/dp/B0FG2NKRCV,Boys' Compression Pants,501,37%,9.99
B0FNMQ7LNT,"https://m.media-amazon.com/images/I/41cO1C1u+EL._AC_SR600,600_.jpg",Kids Christmas Shirt – Toddler Boys Girls Holiday T-Shirt Santa Tree Snowman Gingerbread Gift Outfit 2T-8T,https://www.amazon.com/dp/B0FNMQ7LNT,Boys' Novelty T-Shirts,500,53%,12.99
B0FCS6446W,https://m.media-amazon.com/images/I/81UGkOW295L._AC_US600_.jpg,LAETBBE 12 Pairs Girls Socks Kids Toddler Crew Socks Girls Athletic Sock Kid School Sock for 2-14 Years,https://www.amazon.com/dp/B0FCS6446W,Girls' Crew Socks,500,31%,9.49
B0FSS1HFHD,https://m.media-amazon.com/images/I/615ZC4qtFpL._AC_US600_.jpg,"Opvixi 6 Pairs Bra Pads Inserts, Sports Bra Pads Inserts, Beige Bra Cups Inserts, Removable Breast Enhancers for Women",https://www.amazon.com/dp/B0FSS1HFHD,Bra Pads & Breast Enhancers,500,33%,8.99
B0FT2VTGV4,https://m.media-amazon.com/images/I/61xc3dykvcL._AC_US600_.jpg,"Sticky Inserts - Instant Boost for Perfect Cleavage, Double-Sided Sticky Bra Inserts for Comfort & Support",https://www.amazon.com/dp/B0FT2VTGV4,Bra Pads & Breast Enhancers,500,25%,8.49
B0FL1MSVZ7,https://m.media-amazon.com/images/I/51QtehBkbKL._AC_US600_.jpg,HIJONES Men's Stainless Steel Basketball Soccer Baseball Team Number Pendant Chunky Chain Sport Necklace,https://www.amazon.com/dp/B0FL1MSVZ7,Men's Necklaces,500,50%,7.88
B0FNMS79FL,https://m.media-amazon.com/images/I/91MDwmi7h3L._AC_US600_.jpg,Ocvdar Golf Socks for Men 2 Pairs Funny Golfer Crew Socks Unique & Cool Golf Gift for Men Size 9-13,https://www.amazon.com/dp/B0FNMS79FL,Men's Novelty Socks,499,56%,14.99
B0FC2CN79R,https://m.media-amazon.com/images/I/71kU-4J+KfL._AC_US600_.jpg,"EPIRORA Cuban Link Chain Gifts for Men Boys, 6MM Stainless Steel Mens Cuban Necklace Birthday Christmas Valentines Day Anniversary Presents Jewellery Gifts for Son Grandson Nephew Boyfriend Friend",https://www.amazon.com/dp/B0FC2CN79R,Men's Necklaces,499,63%,19.99
B0FG7QZ8F8,https://m.media-amazon.com/images/I/618f7SqGXrL._AC_US600_.jpg,Viworld Baby Boy 1st Birthday Romper Infant Ribbed Jumpsuit Embroidery One Year Old Cake Smash Outfits,https://www.amazon.com/dp/B0FG7QZ8F8,Baby Boys' One-Piece Rompers,499,56%,14.98
B0FKGGG6CG,https://m.media-amazon.com/images/I/61Ba6pw3O9L._AC_US600_.jpg,"LIUBAI My Incredible Daughter Book Necklace for Daughter Gifts from Mom Dad, Necklaces for Women Openable with 6 Pages of Engraved Information Birthday Day Gift Graduation Jewelry for Love",https://www.amazon.com/dp/B0FKGGG6CG,Women's Pendant Necklaces,499,59%,13.99
B0FJM2D3G1,https://m.media-amazon.com/images/I/81eC1WK7FiL._AC_US600_.jpg,KUTTOR Winter Beanie Hat Scarf Gloves Set Warm Knit Fleece Touchscreen Gloves Neck Scarf Set Adult Winter Gift for Men Women,https://www.amazon.com/dp/B0FJM2D3G1,Women's Skullies & Beanies,498,28%,11.99
B0F9Y99VQH,https://m.media-amazon.com/images/I/71EcjX0CRsL._AC_US600_.jpg,"GYGYL Masquerade Mask for Women, Elegant Metal Mask for Costume Parties, Halloween, Mardi Gras, Venetian Balls",https://www.amazon.com/dp/B0F9Y99VQH,Women's Costume Masks,498,47%,13.99
B0FV33VB1F,https://m.media-amazon.com/images/I/71K5Gv0eEzL._AC_US600_.jpg,Baby Girl Valentines Day Pajamas Newborn Heart Feather Trim Nightgown Jumpsuit Romper Cute Infant Silk Pjs Sleepwear,https://www.amazon.com/dp/B0FV33VB1F,Baby Girls' One-Piece Rompers,498,46%,14.99
B0FMJFQY19,https://m.media-amazon.com/images/I/71sxiEzQuzL._AC_US600_.jpg,Haloumoning Family Christmas Pajamas Matching Sets Xmas PJs Sets Holiday Jammies Sleepwear,https://www.amazon.com/dp/B0FMJFQY19,Men's Pajama Sets,498,24%,7.99
B0FN6VZG2P,https://m.media-amazon.com/images/I/91z1rxQKHuL._AC_US600_.jpg,JEMYGINS Mens Striped Tie and Lapel Pin Necktie Pocket Square with Tie Clip Sets for Business Casual 4PCS,https://www.amazon.com/dp/B0FN6VZG2P,Men's Tie Sets,497,52%,12.99
B0FKMF4QCZ,https://m.media-amazon.com/images/I/81YYfUXnyCL._AC_US600_.jpg,"PRCOLUX Natural Healing Crystal Keychain Gifts for Women, Best Friend, Mom, Aunt, Wife Birthday Christmas Graduation Gifts",https://www.amazon.com/dp/B0FKMF4QCZ,Women's Keyrings & Keychains,497,52%,8.99
B0FMSTQW5J,https://m.media-amazon.com/images/I/61QaBN4kFYL._AC_US600_.jpg,"MOVILBENES Mens Compression Shorts 9"" Spandex Sports Shorts Running Athletic Workout Performance Base Layer Underwear",https://www.amazon.com/dp/B0FMSTQW5J,Men's Sports Compression Shorts,497,51%,8.99
B0FK5KVFMJ,https://m.media-amazon.com/images/I/81Zyavq+yLL._AC_US600_.jpg,SWOMOG Family Christmas Pjs Matching Sets Christmas Pajamas for Family Xmas Jammies Set Christmas Holiday Sleepwear,https://www.amazon.com/dp/B0FK5KVFMJ,Women's Pajama Sets,497,46%,18.99
B0FRYWRGQ6,https://m.media-amazon.com/images/I/81VydtYKOaL._AC_US600_.jpg,PYAEAS Matching Family Pajamas Sets Christmas PJ's Jammies Holiday Sleepwear Loungewear for Adult Women Men Xmas Outfits,https://www.amazon.com/dp/B0FRYWRGQ6,Women's Novelty Pajama Sets,497,39%,14.99
B0FK55Q5G6,https://m.media-amazon.com/images/I/71fR9oyIdML._AC_US600_.jpg,KUIRAN Satin Lined Beanie Hats for Women Men Knit Acrylic Beanie Winter Hat Silk Lining Soft Slouchy Warm Cuffed Beanie Hat,https://www.amazon.com/dp/B0FK55Q5G6,Women's Skullies & Beanies,497,50%,8.99
B0FHK9K3P3,https://m.media-amazon.com/images/I/817wrMl2+LL._AC_US600_.jpg,"toTravelGear Passport Holder for Travel Essentials,RFID Blocking Passport Cover Case for Travel Accessories,Travel Wallet for Women Men (Black)",https://www.amazon.com/dp/B0FHK9K3P3,Passport Covers,497,52%,8.99
B0FQNWW5WD,"https://m.media-amazon.com/images/I/31mPeobfJ5L._AC_SR600,600_.jpg","TRENDOUX 100% Merino Wool Beanie: Winter Warm Lined Cuffed Beanie for Men Women, Unisex Soft Knit Hat Daily Skull Cap Gift",https://www.amazon.com/dp/B0FQNWW5WD,Men's Skullies & Beanies,496,54%,12.99
B0FQ4P68KJ,https://m.media-amazon.com/images/I/71iv5NjIlTL._AC_US600_.jpg,LOYALLOOK Small Chunky Gold Hoop Earrings for Women Hypoallergenic 14K Gold Filled Huggie Earrings for Women Trendy Cartilage Hoop Earring Stacks Lightweight Earring Sets for Multiple Piercing,https://www.amazon.com/dp/B0FQ4P68KJ,Women's Hoop Earrings,496,56%,13.99
B0FC6K4V6T,https://m.media-amazon.com/images/I/71SA1Qjz6NL._AC_US600_.jpg,Heatuff Womens Crew Socks Cotton Running Cushion Athletic Calf Long Socks for Women 5 Pairs,https://www.amazon.com/dp/B0FC6K4V6T,Women's Athletic Socks,496,38%,9.99
B0FPQW9CVS,"https://m.media-amazon.com/images/I/41sYrJ5RFOL._AC_SR600,600_.jpg","TRENDOUX 100% Merino Wool Beanie: Winter Warm Lined Cuffed Beanie for Men Women, Unisex Soft Knit Hat Daily Skull Cap Gift",https://www.amazon.com/dp/B0FPQW9CVS,Men's Skullies & Beanies,496,54%,9.99
B0FH66MNW7,https://m.media-amazon.com/images/I/51AFmo5520L._AC_US600_.jpg,"KELBBO For Kitty Cute Shoulder Bags for Women,Kitty cartoon crossbody bag, furry crossbody bag, small wallet, storage, suitable for women, girls, shopping, lipstick bag, cute furry small bag",https://www.amazon.com/dp/B0FH66MNW7,Women's Hobo Handbags,496,24%,8.99
B0F44HT9K3,https://m.media-amazon.com/images/I/71SWskE2E5L._AC_US600_.jpg,"Damanse Eyeglasses Strap for Men Women Kids,Reading Eye Glasses Holders Around Neck,Fashion Glasses Strap for Sports",https://www.amazon.com/dp/B0F44HT9K3,Women's Eyeglass Chains,496,52%,8.99
B0FLCCYMKH,https://m.media-amazon.com/images/I/51lqfn6+0lL._AC_US600_.jpg,"UniikStuff Fleece Lined Tights Women,Warm Pantyhose leggings Women,Fake Translucent Thermal Tights for Winter",https://www.amazon.com/dp/B0FLCCYMKH,Women's Tights,496,51%,9.99
B0FQ51CW6F,https://m.media-amazon.com/images/I/91jeFwJtN2L._AC_US600_.jpg,"EGITEW Kids Neck Warmer Winter Neck Gaiters,Fleece Balaclava Cold Weather Windproof Face Mask for Boys Girls",https://www.amazon.com/dp/B0FQ51CW6F,Girls' Cold Weather Neck Gaiters,495,44%,7.99
B0FRZJNYB3,https://m.media-amazon.com/images/I/81q5lMcChPL._AC_US600_.jpg,"Jasopaco Gold Necklace Rack Stand with Storage Tray - 2 Rods T-Shaped Jewelry Holder Stand for Bracelets, Earrings, Rings | Elegant Vanity & Dresser Top Storage for Women.",https://www.amazon.com/dp/B0FRZJNYB3,Jewelry Towers,495,50%,9.99
B0FPWKFPFP,https://m.media-amazon.com/images/I/61e7awWUCkL._AC_US600_.jpg,"HEPOE Strapless Bras for Women, Wireless Push Up Bandeau Bra, Seamless Padded Anti-Slip Tube Top Everyday Bralette",https://www.amazon.com/dp/B0FPWKFPFP,Everyday Bras,495,49%,19.99
B0FGX6ZHXM,https://m.media-amazon.com/images/I/81hG7AnjAhL._AC_US600_.jpg,"Gold Flower Statement Earrings for Women, 14K Gold Plated Large Irregular Leaf Floral, Big Chunky Dangle Earrings Set",https://www.amazon.com/dp/B0FGX6ZHXM,Women's Drop & Dangle Earrings,495,42%,8.96
B0FN41J4VV,https://m.media-amazon.com/images/I/71duoTKAdtL._AC_US600_.jpg,"ihuan Thermal Winter Gloves for Men Women, Cold Weather Touchscreen Gloves for Running Cycling Hiking Driving",https://www.amazon.com/dp/B0FN41J4VV,Women's Hiking & Outdoor Recreation Gloves,494,43%,6.99
B0FHJPXP43,https://m.media-amazon.com/images/I/7131dM3R0cL._AC_US600_.jpg,"XUNBAI Dog Slippers for Women Men,Cute Fluffy Animal Slippers,Dalmatian Cotton Shoes,Warm Winter Wear Home Cozy Furry Soft Indoor Kawaii Shoes",https://www.amazon.com/dp/B0FHJPXP43,Women's Slippers,494,41%,15.99
B0FVF47K22,https://m.media-amazon.com/images/I/51CXhPVkhpL._AC_US600_.jpg,"ESPVO Number Necklace for Women, 14K Gold Plated Layered Chain Number Pendant Jewelry Gifts for Sister Mom Girlfriend Daughter",https://www.amazon.com/dp/B0FVF47K22,Women's Pendant Necklaces,494,57%,13.99
B0FN3T3ZTK,https://m.media-amazon.com/images/I/81HiW0-2LGL._AC_US600_.jpg,FURTALK Mens Beanie with Brim Thick Knitted Acrylic Beanie for Men Women Warm Outdoor Winter Hat,https://www.amazon.com/dp/B0FN3T3ZTK,Men's Skullies & Beanies,493,42%,12.99
B0FLDDGKR6,https://m.media-amazon.com/images/I/519hGFeW+nL._AC_US600_.jpg,"PACBREEZE Women's Maternity Flare Pants, Lounge Casual Pajamas Pants, Stretchy Bootcut Pregnancy Pants, S-XXL",https://www.amazon.com/dp/B0FLDDGKR6,Women's Clothing,493,22%,9.99
B0FCRP3BG3,https://m.media-amazon.com/images/I/81+NmqpNpkL._AC_US600_.jpg,Motarto 3 Pack Boys Long Bottoms Soft Microfleece Pants with Pockets Printed Plaid Pants for Kids Size 6-16 Years,https://www.amazon.com/dp/B0FCRP3BG3,Boys' Pajama Bottoms,493,47%,18.99
B0FS1GHP8P,https://m.media-amazon.com/images/I/719mxMsv+YL._AC_US600_.jpg,"Falorda Sticky Bra Push Up Adhesive Strapless Bra, Invisible Backless Bras for Women, Nude & Black, 2 Pack",https://www.amazon.com/dp/B0FS1GHP8P,Adhesive Bras,493,51%,17.99
B0FLX6KDW3,https://m.media-amazon.com/images/I/61IYPUi8u7L._AC_US600_.jpg,JIAOGE Valentines Day Gifts for Her Kids Girls - Gold/Silver Bow Necklace Dainty Initial Necklaces for Women Girls Gold Necklace for Women Birthday Gifts for Womens Teen Girl Gifts for Girls Jewelry,https://www.amazon.com/dp/B0FLX6KDW3,Women's Pendant Necklaces,493,58%,14.99
B0FHZHSZHX,https://m.media-amazon.com/images/I/61gSSe+IqBL._AC_US600_.jpg,Treasure Bender Valentines Day Gifts Initial Gold Rings for Girls Women - Dainty 14K Gold Plated Adjustable Letter A-Z Rings Teen Girls Gifts Trendy Stuff Heart CZ Initial Ring Teens Birthday Gift,https://www.amazon.com/dp/B0FHZHSZHX,Women's Band Rings,493,57%,13.99
B0FC63JYLC,https://m.media-amazon.com/images/I/71okJeRLMrL._AC_US600_.jpg,"LUCKINEE Jewelry Ring Holder with Keychain, Small Travel Ring Holder Keychain, Mini Ring Box Case, Portable Gym Ring Holder for Women Man，Earring Necklace Holder Box",https://www.amazon.com/dp/B0FC63JYLC,Jewelry Boxes,493,48%,9.95
B0FJ72JN6Q,https://m.media-amazon.com/images/I/61OZJLtFM4L._AC_US600_.jpg,Chunky Gold Bangles Bracelets for Women Trendy Stack Statement Bangle Irregular Cuff Bracelets Fashion Jewelry Gift,https://www.amazon.com/dp/B0FJ72JN6Q,Women's Bangle Bracelets,492,54%,15.99
B0G26M1MC6,"https://m.media-amazon.com/images/I/41eXBultOIL._AC_SR600,600_.jpg",GONOSEED 2026 Headband for New Year Eve Headband Happy New Year Headbands for Women NYE Headbands Party Supplies 2026 New Years Decorations,https://www.amazon.com/dp/B0G26M1MC6,Women's Costume Headbands,492,53%,19.99
B0FMY2QVQT,https://m.media-amazon.com/images/I/61wH1YmtY3L._AC_US600_.jpg,"Lumabria Bohemian Chic Emperor Stone Dangle Earrings for Women - Healing Crystal Drop Earrings with Gold-Plated Fishhooks, Artistic Free-Spirited Gift for Valentine‘s Day or Everyday Wear",https://www.amazon.com/dp/B0FMY2QVQT,Women's Drop & Dangle Earrings,492,52%,9.99
B0FJGCHKZS,https://m.media-amazon.com/images/I/71+1xh5BvsL._AC_US600_.jpg,"Enamel Pins, Jesus Christ & Cross Pins for Backpacks, Christian Religious God Faith Lapel Pin, Catholic Bedge Brooch for Lanyard, Bag, Hat, Clothes, Jacket, Vest.",https://www.amazon.com/dp/B0FJGCHKZS,Women's Brooches & Pins,492,26%,4.55
B0FJS7JCB7,https://m.media-amazon.com/images/I/71gKiTUyAhL._AC_US600_.jpg,"KissYan Western Cowgirl Initial Necklace for Men Women, 14K Gold Plated Cowboy Letter Pendant Necklace Handmade CowTag Two-Toned Jewelry Gift",https://www.amazon.com/dp/B0FJS7JCB7,Women's Pendant Necklaces,492,58%,17.99
B0F93CCQ92,https://m.media-amazon.com/images/I/91cm+xGNm6L._AC_US600_.jpg,"AIVEI 72-Needle Buttery Soft Fuzzy Socks for Women Girls, Gifts Cozy Warm Fluffy Cute Thick Plush Slipper Socks 3 Pairs",https://www.amazon.com/dp/B0F93CCQ92,Women's Fashion,491,28%,5.99
B0FPQ3VGJW,https://m.media-amazon.com/images/I/71JA11lLq1L._AC_US600_.jpg,"HIPINGSTORE Head Chef Prank Apron with Pocket, Funny Hidden Surprise, Novelty Cooking Gag Gift for Men, Father's Day gifts",https://www.amazon.com/dp/B0FPQ3VGJW,Chef's Aprons,491,49%,19.99
B0FV8X8SJ2,https://m.media-amazon.com/images/I/71PVJpzYIJL._AC_US600_.jpg,WHIPPY Women’s Wide Leather Belt for Dresses Fashion Casual Laides Thick Suede Belt with Gold Buckle,https://www.amazon.com/dp/B0FV8X8SJ2,Women's Belts,491,58%,15.99
B0FH4RQJZ1,https://m.media-amazon.com/images/I/51O1H6o5V9L._AC_US600_.jpg,Runcati Mens Casual Pants Elastic Waist Cotton Linen Pants Pleated Loose Fit Lightweight Beach Yoga Trousers,https://www.amazon.com/dp/B0FH4RQJZ1,Men's Casual Pants,491,53%,18.99
B0FNMLGY51,https://m.media-amazon.com/images/I/41UKFI5NM9L._AC_US600_.jpg,YOOLIFE Personalized Gifts For Teenage Girls Initial Sling Bag Gift for Women Teen Girls Birthday Gift for 11 12 13 14 15 16 Years Old Teen Girl Gifts Trendy Stuff Crossbody Fanny Bag Pack Pink A,https://www.amazon.com/dp/B0FNMLGY51,Fashion Waist Packs,491,54%,17.99
B0FCFVZHJV,https://m.media-amazon.com/images/I/71x+LJQYZXL._AC_US600_.jpg,"Myiaur Night Vision Glasses for Women Men, Polarized Nighttime Glasses for Driving with Yellow Lens Anti Glare (2 Pack)",https://www.amazon.com/dp/B0FCFVZHJV,Women's Sunglasses,490,52%,13.99
B0FLCF4JY8,https://m.media-amazon.com/images/I/41p2ETGdBqL._AC_US600_.jpg,Love Heart Charm Fit for Pandora Charms Bracelet Ohana Means Family Charms for Women Daughter Birthday Gift,https://www.amazon.com/dp/B0FLCF4JY8,Women's Bead Charms,490,55%,9.99
B0FKYLLWQF,https://m.media-amazon.com/images/I/61EM4-d3-hL._AC_US600_.jpg,Fleece Lined Tights Sheer Winter - Fake Translucent Tights Winter Thick Warm Pantyhose Sheer Women Leggings,https://www.amazon.com/dp/B0FKYLLWQF,Women's Tights,490,52%,19.99
B0FTX1LM9W,https://m.media-amazon.com/images/I/713GmdeXOdL._AC_US600_.jpg,MULOIUDZ Big Sister Sweatshirt Toddler Girl Cool Big Sis Club Shirt Baby Announcement Pullover Crewneck Clothes,https://www.amazon.com/dp/B0FTX1LM9W,Baby Girls' Hoodies & Activewear,490,59%,16.99
B0FH6QJ518,https://m.media-amazon.com/images/I/71wweaOrdoL._AC_US600_.jpg,"CIYCUIT Family Christmas Pajamas Matching Sets – Buffalo Plaid Holiday PJs for Men, Women, Kids, Baby & Dog",https://www.amazon.com/dp/B0FH6QJ518,Women's Pajama Sets,490,42%,12.99
B0FXGRH3WF,https://m.media-amazon.com/images/I/71RcE97sAZL._AC_US600_.jpg,Blooming Jelly Womens High Waisted Bikini Bottoms Tummy Control Swim Bottom Ruched Full Coverage Retro Swimwear,https://www.amazon.com/dp/B0FXGRH3WF,Women's Swimwear Bottoms,490,51%,12.14
B0FDGTDD9D,https://m.media-amazon.com/images/I/81qtOxCftAL._AC_US600_.jpg,FeelinGirl Front Closure Post Surgery Compression Bra with Adjustable Straps Wireless Breast Augmentation Post Op Bras,https://www.amazon.com/dp/B0FDGTDD9D,Women's Mastectomy Bras,489,62%,19.99
B0FSKLTR48,https://m.media-amazon.com/images/I/6127bRKzNxL._AC_US600_.jpg,"Gemfit Corduroy Tote Bag with Zipper for Women - Cute Hobo Bags Big Capacity with Inner Pockets for Work, Travel",https://www.amazon.com/dp/B0FSKLTR48,Women's Hobo Handbags,489,49%,16.99
B0FV8LSR11,https://m.media-amazon.com/images/I/81dMpAk3WjL._AC_US600_.jpg,CS CELERSPORT Women's Slouch Crew Socks Scrunch Knit Cotton Calf Tube Socks 3 Pairs,https://www.amazon.com/dp/B0FV8LSR11,Women's Calf Socks,489,47%,14.99
B0FX98G33K,https://m.media-amazon.com/images/I/71WkOvGovxL._AC_US600_.jpg,GOEWY Fuzzy Slippers for Women with Memory Foam Warm Winter Faux Fur Slippers House Shoes Indoor Outdoor Gifts For Women Suede Anti-Skid,https://www.amazon.com/dp/B0FX98G33K,Women's Slippers,489,45%,14.99
B0FL744BD1,https://m.media-amazon.com/images/I/71Bn57WWXHL._AC_US600_.jpg,YEOREO Sports Bras for Women Medium Support Racerback Padded Running Bra Tracii Square Neck Wireless Workout Gym Crop Top,https://www.amazon.com/dp/B0FL744BD1,Women's Sports Bras,489,56%,19.99
B0FY2WK6R3,https://m.media-amazon.com/images/I/71M-IzmPPjL._AC_US600_.jpg,ZESICA Women's 2026 Summer Sleeveless Floral Tank Tops Mesh Y2K Crop Going Out Outfits Beach Vacation Trendy Clothes,https://www.amazon.com/dp/B0FY2WK6R3,Women's Tanks & Camis,489,52%,12.99
B0FLWQWWDF,https://m.media-amazon.com/images/I/815SsxvHaML._AC_US600_.jpg,"DELIRSTYIN Genuine Wallet Women RFID Blocking Card Holder, Small Leather Womens Wallet with Zipper ID Window Coin Pocket",https://www.amazon.com/dp/B0FLWQWWDF,Women's Wallets,489,59%,19.99
B0FH2G648X,https://m.media-amazon.com/images/I/81Xvez+7gKL._AC_US600_.jpg,"House Slippers for Men, Memory Foam Bedroom Slippers, House Shoes Indoor Outdoor",https://www.amazon.com/dp/B0FH2G648X,Men's Slippers,488,26%,10.49
B0FP4BRKLN,https://m.media-amazon.com/images/I/91TWV4GlwFL._AC_US600_.jpg,LANLEO Fuzzy Socks for Women Fluffy Slipper Winter Warm Soft Cozy Microfiber Plush Sleeping Heart Socks,https://www.amazon.com/dp/B0FP4BRKLN,Women's Slipper Socks,488,41%,13.99
B0FVDTZ1XN,https://m.media-amazon.com/images/I/81tYicrJDzL._AC_US600_.jpg,"Juedverty Cotton Cushion Crew Socks for Men Women,Casual Soft Striped Running Sock，Unisex Athletic Socks 5 Pairs",https://www.amazon.com/dp/B0FVDTZ1XN,Men's Activewear Crew Socks,488,44%,14.99
B0G1RXP7ZK,https://m.media-amazon.com/images/I/61Ho5FO6v3L._AC_US600_.jpg,Snycler Bubble Initial Keychain Graceful Flower for bags car remote–A-Z Letter Charms for Women,https://www.amazon.com/dp/B0G1RXP7ZK,Women's Keyrings & Keychains,488,41%,7.99
B0FS22BFL8,https://m.media-amazon.com/images/I/51d72dKh0QL._AC_US600_.jpg,FROLOVER Stackable Silver/Gold Rings for Women Non Tarnish Trendy Dainty 14K Gold Plated Stacking Cubic Zirconia Thumb Ring Set Minimalist Promise Wedding Bands Engagement Rings for Women Size 6-10,https://www.amazon.com/dp/B0FS22BFL8,Women's Band Rings,488,54%,13.99
B0FDKTL2RR,https://m.media-amazon.com/images/I/71fAG0dmtjL._AC_US600_.jpg,Boys Clothes with Solid Color Boys Sweatpants and Striped Pocket Sweatshirt 2 Piece Fall Winter Kids Clothing 4-12Y,https://www.amazon.com/dp/B0FDKTL2RR,Boys' Pant Sets,487,42%,14.99
B0FMWL6Y96,https://m.media-amazon.com/images/I/91BuicxKHKL._AC_US600_.jpg,Tarsus Matching Couples Bracelets Love Knot Relationship Jewelry Valentines Christmas Birthday Anniversary Couples Gifts for Him Her Boyfriend Girlfriend,https://www.amazon.com/dp/B0FMWL6Y96,Boys' Bracelets,487,59%,15.19
B0FP45WBZ3,https://m.media-amazon.com/images/I/61c5ld-QwuL._AC_US600_.jpg,"Runyizhenzhi Ribbed Leg Warmers for Women, 80s Style, Long Knitted Socks for Party Sports Yoga",https://www.amazon.com/dp/B0FP45WBZ3,Women's Leg Warmers,487,52%,9.99
B0FSCYZ677,https://m.media-amazon.com/images/I/81Byj3CqJtL._AC_US600_.jpg,YEAXLUD Family Christmas Pajamas Matching Sets Lounge Sleepwear for Women Couples Mens Adult Ladies Xmas Pjs,https://www.amazon.com/dp/B0FSCYZ677,Women's Pajama Sets,487,34%,14.99
B0FH6VLDZV,https://m.media-amazon.com/images/I/61Btl7jm86L._AC_US600_.jpg,UUBARIS Bootie Slippers for Women Men Furry Warm House Sock Shoes For Indoor Outdoor Travel,https://www.amazon.com/dp/B0FH6VLDZV,Women's Slippers,487,55%,17.99
B0FDMW3LT3,https://m.media-amazon.com/images/I/51LG8k5QJNL._AC_US600_.jpg,Hair Head Neck Bag Long Scarf Versatile Wrap for Women Soft & Lightweight for Everyday Chic,https://www.amazon.com/dp/B0FDMW3LT3,Women's Fashion Scarves,487,34%,5.99
B0FVXVV1RK,https://m.media-amazon.com/images/I/71Q-6m-GBAL._AC_US600_.jpg,REORIA Women's Basic Scoop Neck Backless Double Lined Halter Tank Tops Y2k Cute Summer Trendy Sleeveless Shirts,https://www.amazon.com/dp/B0FVXVV1RK,Women's Tanks & Camis,487,50%,8.97
B0FJRY141P,https://m.media-amazon.com/images/I/71sSp+q3PDL._AC_US600_.jpg,"BONANGEL Baby Socks with Grips, 8 Pairs Non Slip Cotton Ankle Socks for Toddler Girls Boys Infants Kids 0-5 Years Old",https://www.amazon.com/dp/B0FJRY141P,Baby Girls' Ankle Socks,486,34%,9.99
B0FTMBH437,https://m.media-amazon.com/images/I/71sy9G7AeZL._AC_US600_.jpg,Classic Beanie Hat for Football Fans Embroidered Skull Cap Vintage Cuffed Knit Hat Warm Winter Gloves Gifts for Men Women,https://www.amazon.com/dp/B0FTMBH437,Women's Skullies & Beanies,486,33%,9.99
B0FXXDHV28,https://m.media-amazon.com/images/I/61ioldSjmVL._AC_US600_.jpg,"JHZHONG Hematite Bracelet For Men, Reclaim Your Edge & Confidence Natural Hematite Beaded Stretch Bracelet, Healing Energy Jewelry Gift for Boyfriend or Husband",https://www.amazon.com/dp/B0FXXDHV28,Men's Bracelets,486,60%,18.99
B0FLWBWBVS,https://m.media-amazon.com/images/I/614klG3a+JL._AC_US600_.jpg,PLEPAN Mens Casual Straight Leg Stretch Cargo Pants Lightweight Relaxed Fit Drawstring Elastic Waist Pants with Multi Pockets,https://www.amazon.com/dp/B0FLWBWBVS,Men's Casual Pants,486,53%,19.99
B0G64HRVR3,https://m.media-amazon.com/images/I/51gE+5UtArL._AC_US600_.jpg,"Adhesive Bra, Breast Lift Strapless Silicone Sticky Bra Nippless Covers Push Up Self Invisible Backless Sticky for Women",https://www.amazon.com/dp/B0G64HRVR3,Adhesive Bras,486,56%,14.99
B0FPFPPY1D,https://m.media-amazon.com/images/I/81AmVrG1QiL._AC_US600_.jpg,"Sunpour Wallet Keychain Wristlet,Airtag Wristlet Wallet for Women RFID Credit Card Holder with boho beaded Cute Key Chains for Women(Leopard)",https://www.amazon.com/dp/B0FPFPPY1D,Women's Keyrings & Keychains,486,58%,15.99
B0FW539L9D,https://m.media-amazon.com/images/I/71msENfd5HL._AC_US600_.jpg,"RFQMNO 4/5/6 Pack Hair Scarf for Women, 35""x2.36"" Lightweight Silk Headband, Purse & Bag Scarves Gift Collection",https://www.amazon.com/dp/B0FW539L9D,Women's Fashion Scarves,486,34%,5.99
